SampleDate,MeasureValue,Unit,Month,Year,,Year,Average
1/18/1989,8.2,SU,Jan,1989,,1989,7.945985401
1/18/1989,8.2,SU,Jan,1989,,1990,7.879375
1/18/1989,8.2,SU,Jan,1989,,1991,7.860736196
1/18/1989,8.2,SU,Jan,1989,,1992,7.963354037
1/18/1989,8.2,SU,Jan,1989,,1993,8.093506494
1/18/1989,8.2,SU,Jan,1989,,1994,8.000609756
1/18/1989,8.1,SU,Jan,1989,,1995,7.909032258
2/14/1989,7.9,SU,Feb,1989,,1996,7.955474453
2/14/1989,8,SU,Feb,1989,,1997,7.896129032
2/14/1989,8,SU,Feb,1989,,1998,8.158278146
2/14/1989,8,SU,Feb,1989,,1999,7.852747253
2/14/1989,8,SU,Feb,1989,,2000,7.923157895
2/14/1989,8,SU,Feb,1989,,2001,7.986666667
2/14/1989,8,SU,Feb,1989,,2002,7.883333333
2/14/1989,7.9,SU,Feb,1989,,2003,8.156122449
3/22/1989,8,SU,Mar,1989,,2004,7.95
3/22/1989,8,SU,Mar,1989,,2005,8.016494845
3/22/1989,8,SU,Mar,1989,,2006,8.146710526
3/22/1989,8,SU,Mar,1989,,2007,8.085
3/22/1989,7.9,SU,Mar,1989,,2008,7.948125
3/22/1989,7.9,SU,Mar,1989,,2009,8.049484536
3/22/1989,7.8,SU,Mar,1989,,2010,8.05875
4/4/1989,7.7,SU,Apr,1989,,2011,8.151
4/4/1989,7.7,SU,Apr,1989,,2012,7.883505155
4/4/1989,7.7,SU,Apr,1989,,2013,8.234020619
4/4/1989,7.6,SU,Apr,1989,,2014,7.983505155
4/4/1989,7.6,SU,Apr,1989,,2015,7.934567901
4/4/1989,7.5,SU,Apr,1989,,,
4/4/1989,7.4,SU,Apr,1989,,,
4/18/1989,8.2,SU,Apr,1989,,,
4/18/1989,8.2,SU,Apr,1989,,,
4/18/1989,8.2,SU,Apr,1989,,,
4/18/1989,8.2,SU,Apr,1989,,,
4/18/1989,8.2,SU,Apr,1989,,,
4/18/1989,8.2,SU,Apr,1989,,,
4/18/1989,8.2,SU,Apr,1989,,,
5/4/1989,8,SU,May,1989,,,
5/4/1989,8,SU,May,1989,,,
5/4/1989,8,SU,May,1989,,,
5/4/1989,8,SU,May,1989,,,
5/4/1989,8,SU,May,1989,,,
5/4/1989,8,SU,May,1989,,,
5/4/1989,8,SU,May,1989,,,
5/16/1989,8,SU,May,1989,,,
5/16/1989,8,SU,May,1989,,,
5/16/1989,8,SU,May,1989,,,
5/16/1989,7.9,SU,May,1989,,,
5/16/1989,7.8,SU,May,1989,,,
5/16/1989,7.7,SU,May,1989,,,
5/16/1989,7.6,SU,May,1989,,,
5/16/1989,7.6,SU,May,1989,,,
6/13/1989,7.3,SU,Jun,1989,,,
6/13/1989,7.2,SU,Jun,1989,,,
6/13/1989,7.2,SU,Jun,1989,,,
6/13/1989,7.1,SU,Jun,1989,,,
6/13/1989,7.1,SU,Jun,1989,,,
6/13/1989,7,SU,Jun,1989,,,
6/13/1989,7.3,SU,Jun,1989,,,
6/27/1989,8.3,SU,Jun,1989,,,
6/27/1989,8.3,SU,Jun,1989,,,
6/27/1989,8.3,SU,Jun,1989,,,
6/27/1989,8.2,SU,Jun,1989,,,
6/27/1989,8.2,SU,Jun,1989,,,
6/27/1989,8.1,SU,Jun,1989,,,
6/27/1989,8,SU,Jun,1989,,,
6/27/1989,7.8,SU,Jun,1989,,,
6/27/1989,7.7,SU,Jun,1989,,,
7/11/1989,8.2,SU,Jul,1989,,,
7/11/1989,8.2,SU,Jul,1989,,,
7/11/1989,8.2,SU,Jul,1989,,,
7/11/1989,8.2,SU,Jul,1989,,,
7/11/1989,8.2,SU,Jul,1989,,,
7/11/1989,8.1,SU,Jul,1989,,,
7/11/1989,8,SU,Jul,1989,,,
7/11/1989,8,SU,Jul,1989,,,
7/25/1989,8.1,SU,Jul,1989,,,
7/25/1989,8.1,SU,Jul,1989,,,
7/25/1989,7.8,SU,Jul,1989,,,
7/25/1989,7.6,SU,Jul,1989,,,
7/25/1989,7.6,SU,Jul,1989,,,
7/25/1989,8.3,SU,Jul,1989,,,
7/25/1989,8.2,SU,Jul,1989,,,
7/25/1989,8.2,SU,Jul,1989,,,
8/15/1989,8.2,SU,Aug,1989,,,
8/15/1989,8.3,SU,Aug,1989,,,
8/15/1989,8.3,SU,Aug,1989,,,
8/15/1989,8,SU,Aug,1989,,,
8/15/1989,8,SU,Aug,1989,,,
8/15/1989,7.7,SU,Aug,1989,,,
8/15/1989,7.4,SU,Aug,1989,,,
8/15/1989,7.4,SU,Aug,1989,,,
8/29/1989,8.1,SU,Aug,1989,,,
8/29/1989,8,SU,Aug,1989,,,
8/29/1989,8,SU,Aug,1989,,,
8/29/1989,8,SU,Aug,1989,,,
8/29/1989,7.9,SU,Aug,1989,,,
8/29/1989,7.8,SU,Aug,1989,,,
8/29/1989,7.8,SU,Aug,1989,,,
8/29/1989,7.7,SU,Aug,1989,,,
9/12/1989,8.3,SU,Sep,1989,,,
9/12/1989,8.3,SU,Sep,1989,,,
9/12/1989,8.3,SU,Sep,1989,,,
9/12/1989,8.3,SU,Sep,1989,,,
9/12/1989,8.2,SU,Sep,1989,,,
9/12/1989,8.1,SU,Sep,1989,,,
9/12/1989,7.8,SU,Sep,1989,,,
9/12/1989,7.8,SU,Sep,1989,,,
9/27/1989,7.8,SU,Sep,1989,,,
9/27/1989,7.8,SU,Sep,1989,,,
9/27/1989,7.8,SU,Sep,1989,,,
9/27/1989,7.8,SU,Sep,1989,,,
9/27/1989,7.8,SU,Sep,1989,,,
9/27/1989,7.8,SU,Sep,1989,,,
9/27/1989,7.8,SU,Sep,1989,,,
10/11/1989,8.2,SU,Oct,1989,,,
10/11/1989,8.2,SU,Oct,1989,,,
10/11/1989,8.2,SU,Oct,1989,,,
10/11/1989,8.2,SU,Oct,1989,,,
10/11/1989,8.2,SU,Oct,1989,,,
10/11/1989,8.2,SU,Oct,1989,,,
10/11/1989,8.1,SU,Oct,1989,,,
10/11/1989,8.1,SU,Oct,1989,,,
10/24/1989,8,SU,Oct,1989,,,
10/24/1989,8,SU,Oct,1989,,,
10/24/1989,7.9,SU,Oct,1989,,,
10/24/1989,7.9,SU,Oct,1989,,,
10/24/1989,7.9,SU,Oct,1989,,,
10/24/1989,7.8,SU,Oct,1989,,,
10/24/1989,7.8,SU,Oct,1989,,,
10/24/1989,7.6,SU,Oct,1989,,,
11/14/1989,8,SU,Nov,1989,,,
11/14/1989,8,SU,Nov,1989,,,
11/14/1989,8,SU,Nov,1989,,,
11/14/1989,8,SU,Nov,1989,,,
11/14/1989,8,SU,Nov,1989,,,
11/14/1989,8,SU,Nov,1989,,,
11/14/1989,8,SU,Nov,1989,,,
1/9/1990,8.1,SU,Jan,1990,,,
1/9/1990,8.1,SU,Jan,1990,,,
1/9/1990,8.1,SU,Jan,1990,,,
1/9/1990,8.1,SU,Jan,1990,,,
1/9/1990,8.1,SU,Jan,1990,,,
1/9/1990,8.1,SU,Jan,1990,,,
1/9/1990,8.1,SU,Jan,1990,,,
1/9/1990,8.1,SU,Jan,1990,,,
2/6/1990,8.2,SU,Feb,1990,,,
2/6/1990,8.2,SU,Feb,1990,,,
2/6/1990,8.1,SU,Feb,1990,,,
2/6/1990,8.1,SU,Feb,1990,,,
2/6/1990,8.1,SU,Feb,1990,,,
2/6/1990,8,SU,Feb,1990,,,
2/6/1990,7.9,SU,Feb,1990,,,
2/6/1990,7.7,SU,Feb,1990,,,
3/6/1990,7.9,SU,Mar,1990,,,
3/6/1990,7.9,SU,Mar,1990,,,
3/6/1990,7.9,SU,Mar,1990,,,
3/6/1990,7.9,SU,Mar,1990,,,
3/6/1990,7.8,SU,Mar,1990,,,
3/6/1990,7.8,SU,Mar,1990,,,
3/6/1990,7.8,SU,Mar,1990,,,
3/6/1990,7.7,SU,Mar,1990,,,
3/22/1990,7.8,SU,Mar,1990,,,
3/22/1990,7.8,SU,Mar,1990,,,
3/22/1990,7.8,SU,Mar,1990,,,
3/22/1990,7.8,SU,Mar,1990,,,
3/22/1990,7.7,SU,Mar,1990,,,
3/22/1990,7.7,SU,Mar,1990,,,
3/22/1990,7.6,SU,Mar,1990,,,
3/22/1990,7.6,SU,Mar,1990,,,
3/22/1990,7.6,SU,Mar,1990,,,
4/3/1990,8.1,SU,Apr,1990,,,
4/3/1990,8.1,SU,Apr,1990,,,
4/3/1990,8.1,SU,Apr,1990,,,
4/3/1990,8.1,SU,Apr,1990,,,
4/3/1990,8,SU,Apr,1990,,,
4/3/1990,8,SU,Apr,1990,,,
4/3/1990,7.9,SU,Apr,1990,,,
4/3/1990,7.8,SU,Apr,1990,,,
4/17/1990,8.5,SU,Apr,1990,,,
4/17/1990,8.5,SU,Apr,1990,,,
4/17/1990,8.5,SU,Apr,1990,,,
4/17/1990,8.4,SU,Apr,1990,,,
4/17/1990,8.4,SU,Apr,1990,,,
4/17/1990,8.3,SU,Apr,1990,,,
4/17/1990,8.3,SU,Apr,1990,,,
5/15/1990,7.9,SU,May,1990,,,
5/15/1990,7.9,SU,May,1990,,,
5/15/1990,7.9,SU,May,1990,,,
5/15/1990,7.9,SU,May,1990,,,
5/15/1990,7.9,SU,May,1990,,,
5/15/1990,7.9,SU,May,1990,,,
5/15/1990,7.8,SU,May,1990,,,
5/15/1990,7.7,SU,May,1990,,,
5/31/1990,7.8,SU,May,1990,,,
5/31/1990,7.7,SU,May,1990,,,
5/31/1990,7.7,SU,May,1990,,,
5/31/1990,7.7,SU,May,1990,,,
5/31/1990,7.7,SU,May,1990,,,
5/31/1990,7.6,SU,May,1990,,,
5/31/1990,7.5,SU,May,1990,,,
5/31/1990,7.4,SU,May,1990,,,
5/31/1990,7.4,SU,May,1990,,,
6/12/1990,7.7,SU,Jun,1990,,,
6/12/1990,7.6,SU,Jun,1990,,,
6/12/1990,7.6,SU,Jun,1990,,,
6/12/1990,7.6,SU,Jun,1990,,,
6/12/1990,7.5,SU,Jun,1990,,,
6/12/1990,7.3,SU,Jun,1990,,,
6/12/1990,7.3,SU,Jun,1990,,,
6/12/1990,7.3,SU,Jun,1990,,,
6/26/1990,7.8,SU,Jun,1990,,,
6/26/1990,7.8,SU,Jun,1990,,,
6/26/1990,7.9,SU,Jun,1990,,,
6/26/1990,7.9,SU,Jun,1990,,,
6/26/1990,7.8,SU,Jun,1990,,,
6/26/1990,7.8,SU,Jun,1990,,,
6/26/1990,7.7,SU,Jun,1990,,,
6/26/1990,7.7,SU,Jun,1990,,,
7/17/1990,8.1,SU,Jul,1990,,,
7/17/1990,8.1,SU,Jul,1990,,,
7/17/1990,7.9,SU,Jul,1990,,,
7/17/1990,7.8,SU,Jul,1990,,,
7/17/1990,7.8,SU,Jul,1990,,,
7/17/1990,7.8,SU,Jul,1990,,,
7/17/1990,7.8,SU,Jul,1990,,,
7/17/1990,7.6,SU,Jul,1990,,,
7/31/1990,8,SU,Jul,1990,,,
7/31/1990,8,SU,Jul,1990,,,
7/31/1990,7.9,SU,Jul,1990,,,
7/31/1990,7.8,SU,Jul,1990,,,
7/31/1990,7.6,SU,Jul,1990,,,
7/31/1990,7.7,SU,Jul,1990,,,
7/31/1990,7.5,SU,Jul,1990,,,
7/31/1990,7.3,SU,Jul,1990,,,
8/14/1990,8,SU,Aug,1990,,,
8/14/1990,8,SU,Aug,1990,,,
8/14/1990,8,SU,Aug,1990,,,
8/14/1990,7.9,SU,Aug,1990,,,
8/14/1990,7.9,SU,Aug,1990,,,
8/14/1990,7.7,SU,Aug,1990,,,
8/14/1990,7.6,SU,Aug,1990,,,
8/14/1990,7.6,SU,Aug,1990,,,
8/28/1990,8.2,SU,Aug,1990,,,
8/28/1990,8.1,SU,Aug,1990,,,
8/28/1990,7.9,SU,Aug,1990,,,
8/28/1990,7.8,SU,Aug,1990,,,
8/28/1990,7.6,SU,Aug,1990,,,
8/28/1990,7.4,SU,Aug,1990,,,
8/28/1990,7.3,SU,Aug,1990,,,
8/28/1990,7.3,SU,Aug,1990,,,
9/11/1990,8.1,SU,Sep,1990,,,
9/11/1990,8.1,SU,Sep,1990,,,
9/11/1990,8,SU,Sep,1990,,,
9/11/1990,7.9,SU,Sep,1990,,,
9/11/1990,7.8,SU,Sep,1990,,,
9/11/1990,7.6,SU,Sep,1990,,,
9/11/1990,7.6,SU,Sep,1990,,,
9/11/1990,7.6,SU,Sep,1990,,,
9/25/1990,8.1,SU,Sep,1990,,,
9/25/1990,8.1,SU,Sep,1990,,,
9/25/1990,8,SU,Sep,1990,,,
9/25/1990,8,SU,Sep,1990,,,
9/25/1990,8,SU,Sep,1990,,,
9/25/1990,8,SU,Sep,1990,,,
9/25/1990,8,SU,Sep,1990,,,
9/25/1990,8,SU,Sep,1990,,,
10/16/1990,7.9,SU,Oct,1990,,,
10/16/1990,7.9,SU,Oct,1990,,,
10/16/1990,8,SU,Oct,1990,,,
10/16/1990,8,SU,Oct,1990,,,
10/16/1990,8,SU,Oct,1990,,,
10/16/1990,8,SU,Oct,1990,,,
10/16/1990,8,SU,Oct,1990,,,
10/30/1990,7.9,SU,Oct,1990,,,
10/30/1990,7.9,SU,Oct,1990,,,
10/30/1990,7.9,SU,Oct,1990,,,
10/30/1990,7.9,SU,Oct,1990,,,
10/30/1990,7.9,SU,Oct,1990,,,
10/30/1990,7.9,SU,Oct,1990,,,
10/30/1990,7.9,SU,Oct,1990,,,
10/30/1990,7.9,SU,Oct,1990,,,
10/30/1990,7.9,SU,Oct,1990,,,
11/14/1990,8,SU,Nov,1990,,,
11/14/1990,8,SU,Nov,1990,,,
11/14/1990,8,SU,Nov,1990,,,
11/14/1990,8,SU,Nov,1990,,,
11/14/1990,8,SU,Nov,1990,,,
11/14/1990,8,SU,Nov,1990,,,
11/14/1990,8,SU,Nov,1990,,,
11/14/1990,8,SU,Nov,1990,,,
12/11/1990,8,SU,Dec,1990,,,
12/11/1990,8,SU,Dec,1990,,,
12/11/1990,8,SU,Dec,1990,,,
12/11/1990,8,SU,Dec,1990,,,
12/11/1990,8,SU,Dec,1990,,,
12/11/1990,8,SU,Dec,1990,,,
12/11/1990,8,SU,Dec,1990,,,
1/8/1991,7.8,SU,Jan,1991,,,
1/8/1991,7.8,SU,Jan,1991,,,
1/8/1991,7.8,SU,Jan,1991,,,
1/8/1991,7.8,SU,Jan,1991,,,
1/8/1991,7.8,SU,Jan,1991,,,
1/8/1991,7.8,SU,Jan,1991,,,
1/8/1991,7.8,SU,Jan,1991,,,
1/8/1991,7.8,SU,Jan,1991,,,
2/12/1991,8,SU,Feb,1991,,,
2/12/1991,8,SU,Feb,1991,,,
2/12/1991,8,SU,Feb,1991,,,
2/12/1991,8.1,SU,Feb,1991,,,
2/12/1991,8.1,SU,Feb,1991,,,
2/12/1991,8.1,SU,Feb,1991,,,
2/12/1991,8.1,SU,Feb,1991,,,
3/12/1991,7.8,SU,Mar,1991,,,
3/12/1991,7.8,SU,Mar,1991,,,
3/12/1991,7.8,SU,Mar,1991,,,
3/12/1991,7.8,SU,Mar,1991,,,
3/12/1991,7.8,SU,Mar,1991,,,
3/12/1991,7.8,SU,Mar,1991,,,
3/12/1991,7.8,SU,Mar,1991,,,
3/12/1991,7.8,SU,Mar,1991,,,
3/26/1991,7.9,SU,Mar,1991,,,
3/26/1991,7.9,SU,Mar,1991,,,
3/26/1991,7.9,SU,Mar,1991,,,
3/26/1991,7.9,SU,Mar,1991,,,
3/26/1991,7.9,SU,Mar,1991,,,
3/26/1991,7.8,SU,Mar,1991,,,
3/26/1991,7.8,SU,Mar,1991,,,
3/26/1991,7.8,SU,Mar,1991,,,
4/9/1991,8,SU,Apr,1991,,,
4/9/1991,8,SU,Apr,1991,,,
4/9/1991,8,SU,Apr,1991,,,
4/9/1991,8,SU,Apr,1991,,,
4/9/1991,8,SU,Apr,1991,,,
4/9/1991,7.7,SU,Apr,1991,,,
4/9/1991,7.8,SU,Apr,1991,,,
4/9/1991,7.8,SU,Apr,1991,,,
4/23/1991,8,SU,Apr,1991,,,
4/23/1991,8,SU,Apr,1991,,,
4/23/1991,8,SU,Apr,1991,,,
4/23/1991,7.9,SU,Apr,1991,,,
4/23/1991,7.8,SU,Apr,1991,,,
4/23/1991,7.8,SU,Apr,1991,,,
4/23/1991,7.8,SU,Apr,1991,,,
4/23/1991,7.8,SU,Apr,1991,,,
5/7/1991,8,SU,May,1991,,,
5/7/1991,8,SU,May,1991,,,
5/7/1991,8,SU,May,1991,,,
5/7/1991,8,SU,May,1991,,,
5/7/1991,8,SU,May,1991,,,
5/7/1991,8,SU,May,1991,,,
5/7/1991,8,SU,May,1991,,,
5/7/1991,8,SU,May,1991,,,
5/21/1991,7.8,SU,May,1991,,,
5/21/1991,7.8,SU,May,1991,,,
5/21/1991,7.8,SU,May,1991,,,
5/21/1991,7.8,SU,May,1991,,,
5/21/1991,7.8,SU,May,1991,,,
5/21/1991,7.9,SU,May,1991,,,
5/21/1991,7.6,SU,May,1991,,,
5/21/1991,7.3,SU,May,1991,,,
5/21/1991,7.3,SU,May,1991,,,
6/4/1991,7.9,SU,Jun,1991,,,
6/4/1991,7.9,SU,Jun,1991,,,
6/4/1991,7.9,SU,Jun,1991,,,
6/4/1991,7.9,SU,Jun,1991,,,
6/4/1991,7.8,SU,Jun,1991,,,
6/4/1991,7.8,SU,Jun,1991,,,
6/4/1991,7.1,SU,Jun,1991,,,
6/4/1991,7.1,SU,Jun,1991,,,
6/18/1991,7.9,SU,Jun,1991,,,
6/18/1991,7.9,SU,Jun,1991,,,
6/18/1991,7.9,SU,Jun,1991,,,
6/18/1991,7.9,SU,Jun,1991,,,
6/18/1991,7.9,SU,Jun,1991,,,
6/18/1991,7.9,SU,Jun,1991,,,
6/18/1991,7.8,SU,Jun,1991,,,
6/18/1991,7.6,SU,Jun,1991,,,
6/18/1991,7.6,SU,Jun,1991,,,
7/9/1991,7.8,SU,Jul,1991,,,
7/9/1991,7.8,SU,Jul,1991,,,
7/9/1991,7.8,SU,Jul,1991,,,
7/9/1991,7.7,SU,Jul,1991,,,
7/9/1991,7.6,SU,Jul,1991,,,
7/9/1991,7.6,SU,Jul,1991,,,
7/9/1991,7.5,SU,Jul,1991,,,
7/9/1991,7.5,SU,Jul,1991,,,
7/23/1991,7.9,SU,Jul,1991,,,
7/23/1991,7.9,SU,Jul,1991,,,
7/23/1991,7.8,SU,Jul,1991,,,
7/23/1991,7.8,SU,Jul,1991,,,
7/23/1991,7.8,SU,Jul,1991,,,
7/23/1991,7.8,SU,Jul,1991,,,
7/23/1991,7.7,SU,Jul,1991,,,
7/23/1991,7.7,SU,Jul,1991,,,
8/6/1991,8,SU,Aug,1991,,,
8/6/1991,8,SU,Aug,1991,,,
8/6/1991,8,SU,Aug,1991,,,
8/6/1991,8,SU,Aug,1991,,,
8/6/1991,8,SU,Aug,1991,,,
8/6/1991,8,SU,Aug,1991,,,
8/6/1991,7.9,SU,Aug,1991,,,
8/6/1991,7.8,SU,Aug,1991,,,
8/20/1991,7.8,SU,Aug,1991,,,
8/20/1991,7.8,SU,Aug,1991,,,
8/20/1991,7.8,SU,Aug,1991,,,
8/20/1991,7.8,SU,Aug,1991,,,
8/20/1991,7.8,SU,Aug,1991,,,
8/20/1991,7.8,SU,Aug,1991,,,
8/20/1991,7.8,SU,Aug,1991,,,
8/20/1991,7.8,SU,Aug,1991,,,
9/4/1991,8,SU,Sep,1991,,,
9/4/1991,8,SU,Sep,1991,,,
9/4/1991,8,SU,Sep,1991,,,
9/4/1991,8,SU,Sep,1991,,,
9/4/1991,7.7,SU,Sep,1991,,,
9/4/1991,7.6,SU,Sep,1991,,,
9/4/1991,7.6,SU,Sep,1991,,,
9/4/1991,8,SU,Sep,1991,,,
9/4/1991,8,SU,Sep,1991,,,
9/17/1991,7.9,SU,Sep,1991,,,
9/17/1991,7.9,SU,Sep,1991,,,
9/17/1991,7.9,SU,Sep,1991,,,
9/17/1991,7.8,SU,Sep,1991,,,
9/17/1991,7.8,SU,Sep,1991,,,
9/17/1991,7.8,SU,Sep,1991,,,
9/17/1991,7.8,SU,Sep,1991,,,
9/17/1991,7.8,SU,Sep,1991,,,
10/2/1991,8,SU,Oct,1991,,,
10/2/1991,8,SU,Oct,1991,,,
10/2/1991,8,SU,Oct,1991,,,
10/2/1991,8,SU,Oct,1991,,,
10/2/1991,8,SU,Oct,1991,,,
10/2/1991,8,SU,Oct,1991,,,
10/2/1991,8,SU,Oct,1991,,,
10/2/1991,8,SU,Oct,1991,,,
10/21/1991,8,SU,Oct,1991,,,
10/21/1991,8,SU,Oct,1991,,,
10/21/1991,7.9,SU,Oct,1991,,,
10/21/1991,7.9,SU,Oct,1991,,,
10/21/1991,7.9,SU,Oct,1991,,,
10/21/1991,7.8,SU,Oct,1991,,,
10/21/1991,7.7,SU,Oct,1991,,,
10/21/1991,7.7,SU,Oct,1991,,,
10/21/1991,7.7,SU,Oct,1991,,,
11/5/1991,8,SU,Nov,1991,,,
11/5/1991,8,SU,Nov,1991,,,
11/5/1991,8,SU,Nov,1991,,,
11/5/1991,8,SU,Nov,1991,,,
11/5/1991,8,SU,Nov,1991,,,
11/5/1991,8,SU,Nov,1991,,,
11/5/1991,8,SU,Nov,1991,,,
11/5/1991,8,SU,Nov,1991,,,
12/5/1991,8,SU,Dec,1991,,,
12/5/1991,8,SU,Dec,1991,,,
12/5/1991,8,SU,Dec,1991,,,
12/5/1991,8,SU,Dec,1991,,,
12/5/1991,8,SU,Dec,1991,,,
12/5/1991,7.9,SU,Dec,1991,,,
12/5/1991,7.9,SU,Dec,1991,,,
12/5/1991,7.9,SU,Dec,1991,,,
1/7/1992,8,SU,Jan,1992,,,
1/7/1992,8,SU,Jan,1992,,,
1/7/1992,8,SU,Jan,1992,,,
1/7/1992,8,SU,Jan,1992,,,
1/7/1992,8,SU,Jan,1992,,,
1/7/1992,8,SU,Jan,1992,,,
1/7/1992,8,SU,Jan,1992,,,
1/7/1992,7.9,SU,Jan,1992,,,
2/11/1992,8.2,SU,Feb,1992,,,
2/11/1992,8.2,SU,Feb,1992,,,
2/11/1992,8.2,SU,Feb,1992,,,
2/11/1992,8.2,SU,Feb,1992,,,
2/11/1992,8.2,SU,Feb,1992,,,
2/11/1992,8.2,SU,Feb,1992,,,
2/11/1992,8.2,SU,Feb,1992,,,
2/11/1992,8.2,SU,Feb,1992,,,
3/12/1992,8,SU,Mar,1992,,,
3/12/1992,8,SU,Mar,1992,,,
3/12/1992,8,SU,Mar,1992,,,
3/12/1992,8,SU,Mar,1992,,,
3/12/1992,8,SU,Mar,1992,,,
3/12/1992,8,SU,Mar,1992,,,
3/12/1992,8,SU,Mar,1992,,,
3/12/1992,8,SU,Mar,1992,,,
3/12/1992,8,SU,Mar,1992,,,
3/12/1992,8,SU,Mar,1992,,,
4/1/1992,8.2,SU,Apr,1992,,,
4/1/1992,8.2,SU,Apr,1992,,,
4/1/1992,8.2,SU,Apr,1992,,,
4/1/1992,8.2,SU,Apr,1992,,,
4/1/1992,8.2,SU,Apr,1992,,,
4/1/1992,8.2,SU,Apr,1992,,,
4/1/1992,8.1,SU,Apr,1992,,,
4/1/1992,8.1,SU,Apr,1992,,,
4/14/1992,8.4,SU,Apr,1992,,,
4/14/1992,8.4,SU,Apr,1992,,,
4/14/1992,8.4,SU,Apr,1992,,,
4/14/1992,8.4,SU,Apr,1992,,,
4/14/1992,8.4,SU,Apr,1992,,,
4/14/1992,8.3,SU,Apr,1992,,,
4/14/1992,8.3,SU,Apr,1992,,,
4/14/1992,8.3,SU,Apr,1992,,,
4/28/1992,8.4,SU,Apr,1992,,,
4/28/1992,8.4,SU,Apr,1992,,,
4/28/1992,8.4,SU,Apr,1992,,,
4/28/1992,8.4,SU,Apr,1992,,,
4/28/1992,8.4,SU,Apr,1992,,,
4/28/1992,8.4,SU,Apr,1992,,,
4/28/1992,8.4,SU,Apr,1992,,,
4/28/1992,8.4,SU,Apr,1992,,,
5/12/1992,8.2,SU,May,1992,,,
5/12/1992,8.2,SU,May,1992,,,
5/12/1992,8.2,SU,May,1992,,,
5/12/1992,8.2,SU,May,1992,,,
5/12/1992,8.2,SU,May,1992,,,
5/12/1992,8.2,SU,May,1992,,,
5/12/1992,8.2,SU,May,1992,,,
5/12/1992,8.1,SU,May,1992,,,
5/27/1992,7.6,SU,May,1992,,,
5/27/1992,7.8,SU,May,1992,,,
5/27/1992,7.8,SU,May,1992,,,
5/27/1992,7.8,SU,May,1992,,,
5/27/1992,7.8,SU,May,1992,,,
5/27/1992,7.8,SU,May,1992,,,
5/27/1992,7.6,SU,May,1992,,,
5/27/1992,7.4,SU,May,1992,,,
5/27/1992,7.4,SU,May,1992,,,
6/9/1992,7.7,SU,Jun,1992,,,
6/9/1992,7.7,SU,Jun,1992,,,
6/9/1992,7.7,SU,Jun,1992,,,
6/9/1992,7.6,SU,Jun,1992,,,
6/9/1992,7.6,SU,Jun,1992,,,
6/9/1992,7.6,SU,Jun,1992,,,
6/9/1992,7.5,SU,Jun,1992,,,
6/9/1992,7.5,SU,Jun,1992,,,
6/23/1992,7.8,SU,Jun,1992,,,
6/23/1992,7.8,SU,Jun,1992,,,
6/23/1992,7.8,SU,Jun,1992,,,
6/23/1992,7.7,SU,Jun,1992,,,
6/23/1992,7.7,SU,Jun,1992,,,
6/23/1992,7.5,SU,Jun,1992,,,
6/23/1992,7.4,SU,Jun,1992,,,
6/23/1992,7.2,SU,Jun,1992,,,
7/7/1992,7.7,SU,Jul,1992,,,
7/7/1992,7.7,SU,Jul,1992,,,
7/7/1992,7.7,SU,Jul,1992,,,
7/7/1992,7.7,SU,Jul,1992,,,
7/7/1992,7.6,SU,Jul,1992,,,
7/7/1992,7.6,SU,Jul,1992,,,
7/7/1992,7.6,SU,Jul,1992,,,
7/7/1992,7.6,SU,Jul,1992,,,
7/21/1992,7.7,SU,Jul,1992,,,
7/21/1992,7.7,SU,Jul,1992,,,
7/21/1992,7.7,SU,Jul,1992,,,
7/21/1992,7.8,SU,Jul,1992,,,
7/21/1992,7.7,SU,Jul,1992,,,
7/21/1992,7.7,SU,Jul,1992,,,
7/21/1992,7.7,SU,Jul,1992,,,
7/21/1992,7.7,SU,Jul,1992,,,
8/11/1992,8.1,SU,Aug,1992,,,
8/11/1992,8.1,SU,Aug,1992,,,
8/11/1992,8,SU,Aug,1992,,,
8/11/1992,8,SU,Aug,1992,,,
8/11/1992,8,SU,Aug,1992,,,
8/11/1992,8,SU,Aug,1992,,,
8/11/1992,8,SU,Aug,1992,,,
8/11/1992,8,SU,Aug,1992,,,
8/25/1992,8.1,SU,Aug,1992,,,
8/25/1992,8.1,SU,Aug,1992,,,
8/25/1992,8.1,SU,Aug,1992,,,
8/25/1992,8,SU,Aug,1992,,,
8/25/1992,8,SU,Aug,1992,,,
8/25/1992,7.9,SU,Aug,1992,,,
8/25/1992,7.8,SU,Aug,1992,,,
9/9/1992,8.4,SU,Sep,1992,,,
9/9/1992,8.4,SU,Sep,1992,,,
9/9/1992,8.4,SU,Sep,1992,,,
9/9/1992,8.4,SU,Sep,1992,,,
9/9/1992,8.3,SU,Sep,1992,,,
9/9/1992,8.2,SU,Sep,1992,,,
9/9/1992,8.1,SU,Sep,1992,,,
9/9/1992,8,SU,Sep,1992,,,
9/22/1992,8,SU,Sep,1992,,,
9/22/1992,8,SU,Sep,1992,,,
9/22/1992,8,SU,Sep,1992,,,
9/22/1992,7.9,SU,Sep,1992,,,
9/22/1992,7.8,SU,Sep,1992,,,
9/22/1992,7.8,SU,Sep,1992,,,
9/22/1992,7.8,SU,Sep,1992,,,
9/22/1992,7.8,SU,Sep,1992,,,
10/6/1992,8,SU,Oct,1992,,,
10/6/1992,8,SU,Oct,1992,,,
10/6/1992,8,SU,Oct,1992,,,
10/6/1992,8,SU,Oct,1992,,,
10/6/1992,8,SU,Oct,1992,,,
10/6/1992,7.9,SU,Oct,1992,,,
10/6/1992,7.9,SU,Oct,1992,,,
10/6/1992,7.8,SU,Oct,1992,,,
10/21/1992,7.9,SU,Oct,1992,,,
10/21/1992,7.9,SU,Oct,1992,,,
10/21/1992,7.9,SU,Oct,1992,,,
10/21/1992,7.8,SU,Oct,1992,,,
10/21/1992,7.8,SU,Oct,1992,,,
10/21/1992,7.8,SU,Oct,1992,,,
10/21/1992,7.8,SU,Oct,1992,,,
10/21/1992,7.8,SU,Oct,1992,,,
11/18/1992,7.9,SU,Nov,1992,,,
11/18/1992,7.9,SU,Nov,1992,,,
11/18/1992,7.9,SU,Nov,1992,,,
11/18/1992,7.9,SU,Nov,1992,,,
11/18/1992,7.9,SU,Nov,1992,,,
11/18/1992,7.9,SU,Nov,1992,,,
11/18/1992,7.9,SU,Nov,1992,,,
11/18/1992,7.9,SU,Nov,1992,,,
12/8/1992,7.8,SU,Dec,1992,,,
12/8/1992,7.8,SU,Dec,1992,,,
12/8/1992,7.8,SU,Dec,1992,,,
12/8/1992,7.8,SU,Dec,1992,,,
12/8/1992,7.8,SU,Dec,1992,,,
12/8/1992,7.8,SU,Dec,1992,,,
12/8/1992,7.8,SU,Dec,1992,,,
1/5/1993,7.9,SU,Jan,1993,,,
1/5/1993,8,SU,Jan,1993,,,
1/5/1993,8,SU,Jan,1993,,,
1/5/1993,7.9,SU,Jan,1993,,,
1/5/1993,7.9,SU,Jan,1993,,,
1/5/1993,7.9,SU,Jan,1993,,,
1/5/1993,7.9,SU,Jan,1993,,,
2/9/1993,8,SU,Feb,1993,,,
2/9/1993,8,SU,Feb,1993,,,
2/9/1993,8,SU,Feb,1993,,,
2/9/1993,7.9,SU,Feb,1993,,,
2/9/1993,7.9,SU,Feb,1993,,,
2/9/1993,7.9,SU,Feb,1993,,,
2/9/1993,7.9,SU,Feb,1993,,,
3/30/1993,8.2,SU,Mar,1993,,,
3/30/1993,8.2,SU,Mar,1993,,,
3/30/1993,8.2,SU,Mar,1993,,,
3/30/1993,8.1,SU,Mar,1993,,,
3/30/1993,8,SU,Mar,1993,,,
3/30/1993,8,SU,Mar,1993,,,
3/30/1993,8,SU,Mar,1993,,,
3/30/1993,8,SU,Mar,1993,,,
4/13/1993,8.2,SU,Apr,1993,,,
4/13/1993,8.2,SU,Apr,1993,,,
4/13/1993,8.2,SU,Apr,1993,,,
4/13/1993,8.2,SU,Apr,1993,,,
4/13/1993,8.2,SU,Apr,1993,,,
4/13/1993,8.2,SU,Apr,1993,,,
4/13/1993,8.2,SU,Apr,1993,,,
4/13/1993,8.2,SU,Apr,1993,,,
4/28/1993,8.2,SU,Apr,1993,,,
4/28/1993,8.2,SU,Apr,1993,,,
4/28/1993,8.5,SU,Apr,1993,,,
4/28/1993,8.3,SU,Apr,1993,,,
4/28/1993,8.6,SU,Apr,1993,,,
4/28/1993,8.8,SU,Apr,1993,,,
4/28/1993,8.6,SU,Apr,1993,,,
4/28/1993,7.6,SU,Apr,1993,,,
4/28/1993,7.6,SU,Apr,1993,,,
5/11/1993,8.8,SU,May,1993,,,
5/11/1993,8.8,SU,May,1993,,,
5/11/1993,8.7,SU,May,1993,,,
5/11/1993,8.6,SU,May,1993,,,
5/11/1993,8.6,SU,May,1993,,,
5/11/1993,8.6,SU,May,1993,,,
5/11/1993,8.5,SU,May,1993,,,
5/11/1993,8.5,SU,May,1993,,,
5/25/1993,8.6,SU,May,1993,,,
5/25/1993,8.6,SU,May,1993,,,
5/25/1993,8.6,SU,May,1993,,,
5/25/1993,8.5,SU,May,1993,,,
5/25/1993,8.4,SU,May,1993,,,
5/25/1993,8.3,SU,May,1993,,,
5/25/1993,7.8,SU,May,1993,,,
5/25/1993,7.8,SU,May,1993,,,
5/25/1993,7.8,SU,May,1993,,,
6/15/1993,8.2,SU,Jun,1993,,,
6/15/1993,8.2,SU,Jun,1993,,,
6/15/1993,8.2,SU,Jun,1993,,,
6/15/1993,8.2,SU,Jun,1993,,,
6/15/1993,8.1,SU,Jun,1993,,,
6/15/1993,7.9,SU,Jun,1993,,,
6/15/1993,7.5,SU,Jun,1993,,,
6/15/1993,7.4,SU,Jun,1993,,,
6/15/1993,7.4,SU,Jun,1993,,,
6/29/1993,8.2,SU,Jun,1993,,,
6/29/1993,8.2,SU,Jun,1993,,,
6/29/1993,8.2,SU,Jun,1993,,,
6/29/1993,8.2,SU,Jun,1993,,,
6/29/1993,8.2,SU,Jun,1993,,,
6/29/1993,8.2,SU,Jun,1993,,,
6/29/1993,8.2,SU,Jun,1993,,,
6/29/1993,8.2,SU,Jun,1993,,,
7/13/1993,8.5,SU,Jul,1993,,,
7/13/1993,8.5,SU,Jul,1993,,,
7/13/1993,8.5,SU,Jul,1993,,,
7/13/1993,8.5,SU,Jul,1993,,,
7/13/1993,8.4,SU,Jul,1993,,,
7/13/1993,8.4,SU,Jul,1993,,,
7/13/1993,8.1,SU,Jul,1993,,,
7/13/1993,7.4,SU,Jul,1993,,,
7/13/1993,7.4,SU,Jul,1993,,,
7/27/1993,8.1,SU,Jul,1993,,,
7/27/1993,8.1,SU,Jul,1993,,,
7/27/1993,8,SU,Jul,1993,,,
7/27/1993,8,SU,Jul,1993,,,
7/27/1993,8,SU,Jul,1993,,,
7/27/1993,8,SU,Jul,1993,,,
7/27/1993,8,SU,Jul,1993,,,
7/27/1993,8,SU,Jul,1993,,,
7/27/1993,8,SU,Jul,1993,,,
8/10/1993,8.1,SU,Aug,1993,,,
8/10/1993,8.1,SU,Aug,1993,,,
8/10/1993,8.1,SU,Aug,1993,,,
8/10/1993,8.1,SU,Aug,1993,,,
8/10/1993,8,SU,Aug,1993,,,
8/10/1993,8,SU,Aug,1993,,,
8/10/1993,7.6,SU,Aug,1993,,,
8/10/1993,7.6,SU,Aug,1993,,,
8/24/1993,8,SU,Aug,1993,,,
8/24/1993,8,SU,Aug,1993,,,
8/24/1993,8,SU,Aug,1993,,,
8/24/1993,8,SU,Aug,1993,,,
8/24/1993,8,SU,Aug,1993,,,
8/24/1993,8,SU,Aug,1993,,,
8/24/1993,8,SU,Aug,1993,,,
8/24/1993,8,SU,Aug,1993,,,
9/14/1993,8.1,SU,Sep,1993,,,
9/14/1993,8.1,SU,Sep,1993,,,
9/14/1993,8.1,SU,Sep,1993,,,
9/14/1993,8.1,SU,Sep,1993,,,
9/14/1993,8.1,SU,Sep,1993,,,
9/14/1993,8.1,SU,Sep,1993,,,
9/14/1993,8.1,SU,Sep,1993,,,
9/14/1993,8,SU,Sep,1993,,,
9/28/1993,8,SU,Sep,1993,,,
9/28/1993,8,SU,Sep,1993,,,
9/28/1993,8,SU,Sep,1993,,,
9/28/1993,8,SU,Sep,1993,,,
9/28/1993,8,SU,Sep,1993,,,
9/28/1993,8,SU,Sep,1993,,,
9/28/1993,8,SU,Sep,1993,,,
10/13/1993,8.1,SU,Oct,1993,,,
10/13/1993,8.1,SU,Oct,1993,,,
10/13/1993,8,SU,Oct,1993,,,
10/13/1993,7.9,SU,Oct,1993,,,
10/13/1993,7.9,SU,Oct,1993,,,
10/13/1993,7.9,SU,Oct,1993,,,
10/13/1993,7.9,SU,Oct,1993,,,
10/13/1993,7.9,SU,Oct,1993,,,
10/26/1993,7.9,SU,Oct,1993,,,
10/26/1993,8,SU,Oct,1993,,,
10/26/1993,8,SU,Oct,1993,,,
10/26/1993,8,SU,Oct,1993,,,
10/26/1993,8,SU,Oct,1993,,,
10/26/1993,8,SU,Oct,1993,,,
10/26/1993,8,SU,Oct,1993,,,
10/26/1993,7.9,SU,Oct,1993,,,
11/16/1993,8.2,SU,Nov,1993,,,
11/16/1993,8.2,SU,Nov,1993,,,
11/16/1993,8.2,SU,Nov,1993,,,
11/16/1993,8.2,SU,Nov,1993,,,
11/16/1993,8.2,SU,Nov,1993,,,
11/16/1993,8.2,SU,Nov,1993,,,
11/16/1993,8.2,SU,Nov,1993,,,
11/16/1993,8.2,SU,Nov,1993,,,
12/7/1993,8,SU,Dec,1993,,,
12/7/1993,8,SU,Dec,1993,,,
12/7/1993,8,SU,Dec,1993,,,
12/7/1993,7.9,SU,Dec,1993,,,
12/7/1993,7.9,SU,Dec,1993,,,
12/7/1993,7.9,SU,Dec,1993,,,
12/7/1993,7.9,SU,Dec,1993,,,
12/7/1993,7.9,SU,Dec,1993,,,
1/6/1994,8,SU,Jan,1994,,,
1/6/1994,8,SU,Jan,1994,,,
1/6/1994,8,SU,Jan,1994,,,
1/6/1994,8,SU,Jan,1994,,,
1/6/1994,8,SU,Jan,1994,,,
1/6/1994,8,SU,Jan,1994,,,
1/6/1994,8,SU,Jan,1994,,,
2/8/1994,8.2,SU,Feb,1994,,,
2/8/1994,8.1,SU,Feb,1994,,,
2/8/1994,8.1,SU,Feb,1994,,,
2/8/1994,8.1,SU,Feb,1994,,,
2/8/1994,8.1,SU,Feb,1994,,,
2/8/1994,8.1,SU,Feb,1994,,,
3/8/1994,8.3,SU,Mar,1994,,,
3/8/1994,8.3,SU,Mar,1994,,,
3/8/1994,8.3,SU,Mar,1994,,,
3/8/1994,8.3,SU,Mar,1994,,,
3/8/1994,8.2,SU,Mar,1994,,,
3/8/1994,8.2,SU,Mar,1994,,,
3/8/1994,8.2,SU,Mar,1994,,,
3/8/1994,8.2,SU,Mar,1994,,,
3/8/1994,8.2,SU,Mar,1994,,,
3/22/1994,8.3,SU,Mar,1994,,,
3/22/1994,8.3,SU,Mar,1994,,,
3/22/1994,8.3,SU,Mar,1994,,,
3/22/1994,8.3,SU,Mar,1994,,,
3/22/1994,8.3,SU,Mar,1994,,,
3/22/1994,8.3,SU,Mar,1994,,,
3/22/1994,8.3,SU,Mar,1994,,,
3/22/1994,8.3,SU,Mar,1994,,,
3/22/1994,8.3,SU,Mar,1994,,,
4/5/1994,8.2,SU,Apr,1994,,,
4/5/1994,8.2,SU,Apr,1994,,,
4/5/1994,8.2,SU,Apr,1994,,,
4/5/1994,8.1,SU,Apr,1994,,,
4/5/1994,8.1,SU,Apr,1994,,,
4/5/1994,8.1,SU,Apr,1994,,,
4/5/1994,8,SU,Apr,1994,,,
4/5/1994,8,SU,Apr,1994,,,
4/19/1994,8,SU,Apr,1994,,,
4/19/1994,8,SU,Apr,1994,,,
4/19/1994,8,SU,Apr,1994,,,
4/19/1994,8,SU,Apr,1994,,,
4/19/1994,8,SU,Apr,1994,,,
4/19/1994,8,SU,Apr,1994,,,
4/19/1994,8,SU,Apr,1994,,,
4/19/1994,8,SU,Apr,1994,,,
5/3/1994,8.2,SU,May,1994,,,
5/3/1994,8.2,SU,May,1994,,,
5/3/1994,8.2,SU,May,1994,,,
5/3/1994,8.2,SU,May,1994,,,
5/3/1994,8.1,SU,May,1994,,,
5/3/1994,8.1,SU,May,1994,,,
5/3/1994,7.4,SU,May,1994,,,
5/3/1994,7.4,SU,May,1994,,,
5/3/1994,7.4,SU,May,1994,,,
5/25/1994,8.4,SU,May,1994,,,
5/25/1994,8.4,SU,May,1994,,,
5/25/1994,8.4,SU,May,1994,,,
5/25/1994,8.4,SU,May,1994,,,
5/25/1994,8.4,SU,May,1994,,,
5/25/1994,8.4,SU,May,1994,,,
5/25/1994,8.3,SU,May,1994,,,
5/25/1994,8.3,SU,May,1994,,,
6/14/1994,7.6,SU,Jun,1994,,,
6/14/1994,7.6,SU,Jun,1994,,,
6/14/1994,7.6,SU,Jun,1994,,,
6/14/1994,7.6,SU,Jun,1994,,,
6/14/1994,7.6,SU,Jun,1994,,,
6/14/1994,7.6,SU,Jun,1994,,,
6/14/1994,7.6,SU,Jun,1994,,,
6/14/1994,7.6,SU,Jun,1994,,,
6/28/1994,7.8,SU,Jun,1994,,,
6/28/1994,7.8,SU,Jun,1994,,,
6/28/1994,7.8,SU,Jun,1994,,,
6/28/1994,7.8,SU,Jun,1994,,,
6/28/1994,7.8,SU,Jun,1994,,,
6/28/1994,7.7,SU,Jun,1994,,,
6/28/1994,7.7,SU,Jun,1994,,,
6/28/1994,7.7,SU,Jun,1994,,,
7/12/1994,8,SU,Jul,1994,,,
7/12/1994,8,SU,Jul,1994,,,
7/12/1994,8,SU,Jul,1994,,,
7/12/1994,8,SU,Jul,1994,,,
7/12/1994,8,SU,Jul,1994,,,
7/12/1994,7.9,SU,Jul,1994,,,
7/12/1994,7.8,SU,Jul,1994,,,
7/12/1994,7.6,SU,Jul,1994,,,
7/12/1994,7.6,SU,Jul,1994,,,
7/26/1994,8,SU,Jul,1994,,,
7/26/1994,8,SU,Jul,1994,,,
7/26/1994,7.9,SU,Jul,1994,,,
7/26/1994,7.9,SU,Jul,1994,,,
7/26/1994,7.9,SU,Jul,1994,,,
7/26/1994,7.9,SU,Jul,1994,,,
7/26/1994,7.9,SU,Jul,1994,,,
7/26/1994,7.9,SU,Jul,1994,,,
8/16/1994,8.2,SU,Aug,1994,,,
8/16/1994,8.2,SU,Aug,1994,,,
8/16/1994,8.2,SU,Aug,1994,,,
8/16/1994,8.2,SU,Aug,1994,,,
8/16/1994,8.1,SU,Aug,1994,,,
8/16/1994,8.1,SU,Aug,1994,,,
8/16/1994,8,SU,Aug,1994,,,
8/16/1994,8,SU,Aug,1994,,,
8/30/1994,8,SU,Aug,1994,,,
8/30/1994,8,SU,Aug,1994,,,
8/30/1994,8,SU,Aug,1994,,,
8/30/1994,8,SU,Aug,1994,,,
8/30/1994,8,SU,Aug,1994,,,
8/30/1994,8,SU,Aug,1994,,,
8/30/1994,7.9,SU,Aug,1994,,,
8/30/1994,7.9,SU,Aug,1994,,,
9/13/1994,8,SU,Sep,1994,,,
9/13/1994,8,SU,Sep,1994,,,
9/13/1994,8,SU,Sep,1994,,,
9/13/1994,8,SU,Sep,1994,,,
9/13/1994,7.9,SU,Sep,1994,,,
9/13/1994,7.5,SU,Sep,1994,,,
9/13/1994,7.4,SU,Sep,1994,,,
9/13/1994,7.4,SU,Sep,1994,,,
9/27/1994,8.1,SU,Sep,1994,,,
9/27/1994,8.1,SU,Sep,1994,,,
9/27/1994,8.1,SU,Sep,1994,,,
9/27/1994,8,SU,Sep,1994,,,
9/27/1994,8,SU,Sep,1994,,,
9/27/1994,8.1,SU,Sep,1994,,,
9/27/1994,8,SU,Sep,1994,,,
9/27/1994,7.9,SU,Sep,1994,,,
9/27/1994,7.9,SU,Sep,1994,,,
10/12/1994,8,SU,Oct,1994,,,
10/12/1994,8,SU,Oct,1994,,,
10/12/1994,8,SU,Oct,1994,,,
10/12/1994,7.9,SU,Oct,1994,,,
10/12/1994,7.9,SU,Oct,1994,,,
10/12/1994,7.7,SU,Oct,1994,,,
10/12/1994,7.6,SU,Oct,1994,,,
10/12/1994,7.5,SU,Oct,1994,,,
10/12/1994,7.5,SU,Oct,1994,,,
10/25/1994,7.9,SU,Oct,1994,,,
10/25/1994,7.9,SU,Oct,1994,,,
10/25/1994,7.9,SU,Oct,1994,,,
10/25/1994,7.9,SU,Oct,1994,,,
10/25/1994,7.9,SU,Oct,1994,,,
10/25/1994,7.9,SU,Oct,1994,,,
10/25/1994,7.9,SU,Oct,1994,,,
10/25/1994,7.9,SU,Oct,1994,,,
11/15/1994,8.3,SU,Nov,1994,,,
11/15/1994,8.3,SU,Nov,1994,,,
11/15/1994,8.3,SU,Nov,1994,,,
11/15/1994,8.3,SU,Nov,1994,,,
11/15/1994,8.3,SU,Nov,1994,,,
11/15/1994,8.3,SU,Nov,1994,,,
11/15/1994,8.3,SU,Nov,1994,,,
11/15/1994,8.3,SU,Nov,1994,,,
12/13/1994,8,SU,Dec,1994,,,
12/13/1994,8,SU,Dec,1994,,,
12/13/1994,7.9,SU,Dec,1994,,,
12/13/1994,7.9,SU,Dec,1994,,,
12/13/1994,7.9,SU,Dec,1994,,,
12/13/1994,7.9,SU,Dec,1994,,,
12/13/1994,7.9,SU,Dec,1994,,,
12/13/1994,7.8,SU,Dec,1994,,,
12/13/1994,7.8,SU,Dec,1994,,,
1/10/1995,7.9,SU,Jan,1995,,,
1/10/1995,7.9,SU,Jan,1995,,,
1/10/1995,7.9,SU,Jan,1995,,,
1/10/1995,7.9,SU,Jan,1995,,,
1/10/1995,7.9,SU,Jan,1995,,,
1/10/1995,7.9,SU,Jan,1995,,,
1/10/1995,7.9,SU,Jan,1995,,,
1/10/1995,7.8,SU,Jan,1995,,,
2/14/1995,8,SU,Feb,1995,,,
2/14/1995,8,SU,Feb,1995,,,
2/14/1995,8,SU,Feb,1995,,,
2/14/1995,8,SU,Feb,1995,,,
2/14/1995,8.1,SU,Feb,1995,,,
2/14/1995,8,SU,Feb,1995,,,
2/14/1995,8,SU,Feb,1995,,,
2/14/1995,8,SU,Feb,1995,,,
3/7/1995,8.1,SU,Mar,1995,,,
3/7/1995,8.1,SU,Mar,1995,,,
3/7/1995,8.1,SU,Mar,1995,,,
3/7/1995,8.1,SU,Mar,1995,,,
3/7/1995,8.1,SU,Mar,1995,,,
3/7/1995,8,SU,Mar,1995,,,
3/7/1995,8,SU,Mar,1995,,,
3/7/1995,8,SU,Mar,1995,,,
3/22/1995,8.3,SU,Mar,1995,,,
3/22/1995,8.3,SU,Mar,1995,,,
3/22/1995,8.3,SU,Mar,1995,,,
3/22/1995,8.2,SU,Mar,1995,,,
3/22/1995,8.2,SU,Mar,1995,,,
3/22/1995,8.2,SU,Mar,1995,,,
3/22/1995,8.2,SU,Mar,1995,,,
3/22/1995,8.2,SU,Mar,1995,,,
4/11/1995,8.3,SU,Apr,1995,,,
4/11/1995,8.3,SU,Apr,1995,,,
4/11/1995,8.3,SU,Apr,1995,,,
4/11/1995,8.3,SU,Apr,1995,,,
4/11/1995,8.3,SU,Apr,1995,,,
4/11/1995,8.3,SU,Apr,1995,,,
4/11/1995,8.3,SU,Apr,1995,,,
4/11/1995,8.3,SU,Apr,1995,,,
4/25/1995,7.8,SU,Apr,1995,,,
4/25/1995,7.8,SU,Apr,1995,,,
4/25/1995,7.8,SU,Apr,1995,,,
4/25/1995,7.8,SU,Apr,1995,,,
4/25/1995,7.8,SU,Apr,1995,,,
4/25/1995,7.7,SU,Apr,1995,,,
4/25/1995,7.6,SU,Apr,1995,,,
4/25/1995,7.5,SU,Apr,1995,,,
4/25/1995,7.5,SU,Apr,1995,,,
5/9/1995,7.9,SU,May,1995,,,
5/9/1995,7.8,SU,May,1995,,,
5/9/1995,7.8,SU,May,1995,,,
5/9/1995,7.9,SU,May,1995,,,
5/9/1995,7.9,SU,May,1995,,,
5/9/1995,7.8,SU,May,1995,,,
5/9/1995,7.8,SU,May,1995,,,
5/9/1995,7.3,SU,May,1995,,,
5/9/1995,7.3,SU,May,1995,,,
5/23/1995,7.9,SU,May,1995,,,
5/23/1995,7.9,SU,May,1995,,,
5/23/1995,8,SU,May,1995,,,
5/23/1995,8,SU,May,1995,,,
5/23/1995,8,SU,May,1995,,,
5/23/1995,7.9,SU,May,1995,,,
5/23/1995,7.8,SU,May,1995,,,
5/23/1995,7.8,SU,May,1995,,,
5/23/1995,7.8,SU,May,1995,,,
6/6/1995,7.7,SU,Jun,1995,,,
6/6/1995,7.7,SU,Jun,1995,,,
6/6/1995,7.6,SU,Jun,1995,,,
6/6/1995,7.6,SU,Jun,1995,,,
6/6/1995,7.6,SU,Jun,1995,,,
6/6/1995,7.6,SU,Jun,1995,,,
6/6/1995,7.5,SU,Jun,1995,,,
6/6/1995,7.5,SU,Jun,1995,,,
6/20/1995,7.9,SU,Jun,1995,,,
6/20/1995,7.9,SU,Jun,1995,,,
6/20/1995,7.8,SU,Jun,1995,,,
6/20/1995,7.7,SU,Jun,1995,,,
6/20/1995,7.7,SU,Jun,1995,,,
6/20/1995,7.6,SU,Jun,1995,,,
6/20/1995,7.6,SU,Jun,1995,,,
6/20/1995,7.6,SU,Jun,1995,,,
7/11/1995,7.7,SU,Jul,1995,,,
7/11/1995,8.1,SU,Jul,1995,,,
7/11/1995,8,SU,Jul,1995,,,
7/11/1995,8,SU,Jul,1995,,,
7/11/1995,7.9,SU,Jul,1995,,,
7/11/1995,7.8,SU,Jul,1995,,,
7/11/1995,7.8,SU,Jul,1995,,,
7/11/1995,7.7,SU,Jul,1995,,,
7/25/1995,7.9,SU,Jul,1995,,,
7/25/1995,8.4,SU,Jul,1995,,,
7/25/1995,7.9,SU,Jul,1995,,,
7/25/1995,7.7,SU,Jul,1995,,,
7/25/1995,7.7,SU,Jul,1995,,,
7/25/1995,7.7,SU,Jul,1995,,,
7/25/1995,7.7,SU,Jul,1995,,,
7/25/1995,7.7,SU,Jul,1995,,,
7/25/1995,7.6,SU,Jul,1995,,,
8/8/1995,7.8,SU,Aug,1995,,,
8/8/1995,7.7,SU,Aug,1995,,,
8/8/1995,7.7,SU,Aug,1995,,,
8/8/1995,7.7,SU,Aug,1995,,,
8/8/1995,7.7,SU,Aug,1995,,,
8/8/1995,7.7,SU,Aug,1995,,,
8/8/1995,7.7,SU,Aug,1995,,,
8/8/1995,7.7,SU,Aug,1995,,,
8/22/1995,8.1,SU,Aug,1995,,,
8/22/1995,8.1,SU,Aug,1995,,,
8/22/1995,8.1,SU,Aug,1995,,,
8/22/1995,8,SU,Aug,1995,,,
8/22/1995,8,SU,Aug,1995,,,
8/22/1995,8,SU,Aug,1995,,,
8/22/1995,8,SU,Aug,1995,,,
8/22/1995,7.6,SU,Aug,1995,,,
8/22/1995,7.6,SU,Aug,1995,,,
9/6/1995,8.1,SU,Sep,1995,,,
9/6/1995,8.1,SU,Sep,1995,,,
9/6/1995,8.1,SU,Sep,1995,,,
9/6/1995,8.1,SU,Sep,1995,,,
9/6/1995,8.1,SU,Sep,1995,,,
9/6/1995,8,SU,Sep,1995,,,
9/6/1995,7.9,SU,Sep,1995,,,
9/20/1995,8,SU,Sep,1995,,,
9/20/1995,8,SU,Sep,1995,,,
9/20/1995,8,SU,Sep,1995,,,
9/20/1995,8,SU,Sep,1995,,,
9/20/1995,8,SU,Sep,1995,,,
9/20/1995,7.9,SU,Sep,1995,,,
9/20/1995,7.7,SU,Sep,1995,,,
9/20/1995,7.7,SU,Sep,1995,,,
10/3/1995,8.2,SU,Oct,1995,,,
10/3/1995,8.2,SU,Oct,1995,,,
10/3/1995,8.1,SU,Oct,1995,,,
10/3/1995,8.1,SU,Oct,1995,,,
10/3/1995,8,SU,Oct,1995,,,
10/3/1995,8,SU,Oct,1995,,,
10/3/1995,8,SU,Oct,1995,,,
10/3/1995,8,SU,Oct,1995,,,
10/17/1995,7.9,SU,Oct,1995,,,
10/17/1995,7.9,SU,Oct,1995,,,
10/17/1995,7.9,SU,Oct,1995,,,
10/17/1995,7.9,SU,Oct,1995,,,
10/17/1995,7.9,SU,Oct,1995,,,
10/17/1995,7.9,SU,Oct,1995,,,
10/17/1995,7.9,SU,Oct,1995,,,
11/16/1995,8,SU,Nov,1995,,,
11/16/1995,8.1,SU,Nov,1995,,,
11/16/1995,8,SU,Nov,1995,,,
11/16/1995,8,SU,Nov,1995,,,
11/16/1995,8,SU,Nov,1995,,,
11/16/1995,8,SU,Nov,1995,,,
11/16/1995,8,SU,Nov,1995,,,
11/16/1995,8,SU,Nov,1995,,,
1/30/1996,8,SU,Jan,1996,,,
1/30/1996,8,SU,Jan,1996,,,
1/30/1996,8,SU,Jan,1996,,,
1/30/1996,8,SU,Jan,1996,,,
1/30/1996,8,SU,Jan,1996,,,
1/30/1996,7.9,SU,Jan,1996,,,
1/30/1996,7.8,SU,Jan,1996,,,
1/30/1996,7.8,SU,Jan,1996,,,
1/30/1996,7.8,SU,Jan,1996,,,
2/14/1996,7.9,SU,Feb,1996,,,
2/14/1996,7.8,SU,Feb,1996,,,
2/14/1996,7.9,SU,Feb,1996,,,
2/14/1996,7.9,SU,Feb,1996,,,
2/14/1996,7.9,SU,Feb,1996,,,
2/14/1996,7.9,SU,Feb,1996,,,
2/14/1996,7.9,SU,Feb,1996,,,
2/14/1996,7.9,SU,Feb,1996,,,
3/12/1996,8.1,SU,Mar,1996,,,
3/12/1996,8.1,SU,Mar,1996,,,
3/12/1996,8.1,SU,Mar,1996,,,
3/12/1996,8.1,SU,Mar,1996,,,
3/12/1996,8,SU,Mar,1996,,,
3/12/1996,7.9,SU,Mar,1996,,,
3/12/1996,7.9,SU,Mar,1996,,,
3/12/1996,7.8,SU,Mar,1996,,,
3/12/1996,7.8,SU,Mar,1996,,,
4/10/1996,7.8,SU,Apr,1996,,,
4/10/1996,7.8,SU,Apr,1996,,,
4/10/1996,7.8,SU,Apr,1996,,,
4/10/1996,7.8,SU,Apr,1996,,,
4/10/1996,7.7,SU,Apr,1996,,,
4/10/1996,7.7,SU,Apr,1996,,,
4/10/1996,7.7,SU,Apr,1996,,,
4/10/1996,7.7,SU,Apr,1996,,,
5/14/1996,7.8,SU,May,1996,,,
5/14/1996,8,SU,May,1996,,,
5/14/1996,8,SU,May,1996,,,
5/14/1996,7.9,SU,May,1996,,,
5/14/1996,7.9,SU,May,1996,,,
5/14/1996,7.9,SU,May,1996,,,
5/14/1996,7.9,SU,May,1996,,,
5/14/1996,7.8,SU,May,1996,,,
6/11/1996,8.1,SU,Jun,1996,,,
6/11/1996,8.1,SU,Jun,1996,,,
6/11/1996,8.1,SU,Jun,1996,,,
6/11/1996,8.1,SU,Jun,1996,,,
6/11/1996,8.1,SU,Jun,1996,,,
6/11/1996,8.1,SU,Jun,1996,,,
6/11/1996,8,SU,Jun,1996,,,
6/25/1996,8.2,SU,Jun,1996,,,
6/25/1996,8.2,SU,Jun,1996,,,
6/25/1996,8.1,SU,Jun,1996,,,
6/25/1996,8,SU,Jun,1996,,,
6/25/1996,8,SU,Jun,1996,,,
6/25/1996,8,SU,Jun,1996,,,
6/25/1996,7.9,SU,Jun,1996,,,
6/25/1996,7.9,SU,Jun,1996,,,
7/10/1996,8.1,SU,Jul,1996,,,
7/10/1996,8.1,SU,Jul,1996,,,
7/10/1996,8.1,SU,Jul,1996,,,
7/10/1996,8.1,SU,Jul,1996,,,
7/10/1996,8.1,SU,Jul,1996,,,
7/10/1996,8.1,SU,Jul,1996,,,
7/10/1996,8,SU,Jul,1996,,,
7/10/1996,7.9,SU,Jul,1996,,,
7/23/1996,8,SU,Jul,1996,,,
7/23/1996,8,SU,Jul,1996,,,
7/23/1996,8,SU,Jul,1996,,,
7/23/1996,7.9,SU,Jul,1996,,,
7/23/1996,7.9,SU,Jul,1996,,,
7/23/1996,7.7,SU,Jul,1996,,,
7/23/1996,7.6,SU,Jul,1996,,,
7/23/1996,7.5,SU,Jul,1996,,,
8/7/1996,8.4,SU,Aug,1996,,,
8/7/1996,8.3,SU,Aug,1996,,,
8/7/1996,8.2,SU,Aug,1996,,,
8/7/1996,8.2,SU,Aug,1996,,,
8/7/1996,8.1,SU,Aug,1996,,,
8/7/1996,8.1,SU,Aug,1996,,,
8/7/1996,8.1,SU,Aug,1996,,,
8/7/1996,8,SU,Aug,1996,,,
8/28/1996,8.2,SU,Aug,1996,,,
8/28/1996,8.2,SU,Aug,1996,,,
8/28/1996,8.2,SU,Aug,1996,,,
8/28/1996,8.1,SU,Aug,1996,,,
8/28/1996,8.1,SU,Aug,1996,,,
8/28/1996,8.1,SU,Aug,1996,,,
8/28/1996,8,SU,Aug,1996,,,
9/11/1996,8.3,SU,Sep,1996,,,
9/11/1996,8.3,SU,Sep,1996,,,
9/11/1996,8.3,SU,Sep,1996,,,
9/11/1996,8.3,SU,Sep,1996,,,
9/11/1996,8.2,SU,Sep,1996,,,
9/11/1996,8,SU,Sep,1996,,,
9/11/1996,7.5,SU,Sep,1996,,,
9/11/1996,7.4,SU,Sep,1996,,,
9/11/1996,7.4,SU,Sep,1996,,,
9/24/1996,8,SU,Sep,1996,,,
9/24/1996,8,SU,Sep,1996,,,
9/24/1996,8,SU,Sep,1996,,,
9/24/1996,8,SU,Sep,1996,,,
9/24/1996,7.9,SU,Sep,1996,,,
9/24/1996,7.9,SU,Sep,1996,,,
9/24/1996,7.9,SU,Sep,1996,,,
9/24/1996,7.9,SU,Sep,1996,,,
10/9/1996,7.9,SU,Oct,1996,,,
10/9/1996,7.9,SU,Oct,1996,,,
10/9/1996,7.9,SU,Oct,1996,,,
10/9/1996,7.9,SU,Oct,1996,,,
10/9/1996,7.9,SU,Oct,1996,,,
10/9/1996,7.8,SU,Oct,1996,,,
10/9/1996,7.8,SU,Oct,1996,,,
10/9/1996,7.8,SU,Oct,1996,,,
10/23/1996,8.2,SU,Oct,1996,,,
10/23/1996,8.2,SU,Oct,1996,,,
10/23/1996,8.2,SU,Oct,1996,,,
10/23/1996,8.2,SU,Oct,1996,,,
10/23/1996,8.2,SU,Oct,1996,,,
10/23/1996,8.2,SU,Oct,1996,,,
10/23/1996,8.2,SU,Oct,1996,,,
10/23/1996,8.2,SU,Oct,1996,,,
11/19/1996,7.7,SU,Nov,1996,,,
11/19/1996,7.7,SU,Nov,1996,,,
11/19/1996,7.7,SU,Nov,1996,,,
11/19/1996,7.6,SU,Nov,1996,,,
11/19/1996,7.6,SU,Nov,1996,,,
11/19/1996,7.5,SU,Nov,1996,,,
11/19/1996,7.5,SU,Nov,1996,,,
11/19/1996,7.4,SU,Nov,1996,,,
12/10/1996,7.6,SU,Dec,1996,,,
12/10/1996,7.6,SU,Dec,1996,,,
12/10/1996,7.6,SU,Dec,1996,,,
12/10/1996,7.6,SU,Dec,1996,,,
12/10/1996,7.6,SU,Dec,1996,,,
12/10/1996,7.6,SU,Dec,1996,,,
12/10/1996,7.5,SU,Dec,1996,,,
12/10/1996,7.5,SU,Dec,1996,,,
1/15/1997,7.9,SU,Jan,1997,,,
1/15/1997,7.9,SU,Jan,1997,,,
1/15/1997,7.9,SU,Jan,1997,,,
1/15/1997,7.9,SU,Jan,1997,,,
1/15/1997,7.8,SU,Jan,1997,,,
1/15/1997,7.8,SU,Jan,1997,,,
1/15/1997,7.6,SU,Jan,1997,,,
1/15/1997,7.5,SU,Jan,1997,,,
1/15/1997,7.5,SU,Jan,1997,,,
2/12/1997,8,SU,Feb,1997,,,
2/12/1997,8,SU,Feb,1997,,,
2/12/1997,8,SU,Feb,1997,,,
2/12/1997,8,SU,Feb,1997,,,
2/12/1997,8,SU,Feb,1997,,,
2/12/1997,8,SU,Feb,1997,,,
2/12/1997,8,SU,Feb,1997,,,
2/12/1997,8,SU,Feb,1997,,,
2/12/1997,8,SU,Feb,1997,,,
3/5/1997,7.5,SU,Mar,1997,,,
3/5/1997,7.5,SU,Mar,1997,,,
3/5/1997,7.5,SU,Mar,1997,,,
3/5/1997,7.5,SU,Mar,1997,,,
3/5/1997,7.4,SU,Mar,1997,,,
3/5/1997,7.4,SU,Mar,1997,,,
3/5/1997,7.3,SU,Mar,1997,,,
3/5/1997,7.2,SU,Mar,1997,,,
3/5/1997,7.2,SU,Mar,1997,,,
4/3/1997,7.8,SU,Apr,1997,,,
4/3/1997,7.8,SU,Apr,1997,,,
4/3/1997,7.8,SU,Apr,1997,,,
4/3/1997,7.8,SU,Apr,1997,,,
4/3/1997,7.8,SU,Apr,1997,,,
4/3/1997,7.7,SU,Apr,1997,,,
4/3/1997,7.5,SU,Apr,1997,,,
4/3/1997,7.5,SU,Apr,1997,,,
4/3/1997,7.5,SU,Apr,1997,,,
4/15/1997,8,SU,Apr,1997,,,
4/15/1997,8,SU,Apr,1997,,,
4/15/1997,8,SU,Apr,1997,,,
4/15/1997,8,SU,Apr,1997,,,
4/15/1997,8,SU,Apr,1997,,,
4/15/1997,7.9,SU,Apr,1997,,,
4/15/1997,7.8,SU,Apr,1997,,,
5/13/1997,8,SU,May,1997,,,
5/13/1997,8,SU,May,1997,,,
5/13/1997,8,SU,May,1997,,,
5/13/1997,8,SU,May,1997,,,
5/13/1997,8,SU,May,1997,,,
5/13/1997,8,SU,May,1997,,,
5/13/1997,8,SU,May,1997,,,
5/13/1997,7.9,SU,May,1997,,,
5/28/1997,8,SU,May,1997,,,
5/28/1997,8,SU,May,1997,,,
5/28/1997,7.9,SU,May,1997,,,
5/28/1997,7.8,SU,May,1997,,,
5/28/1997,7.7,SU,May,1997,,,
5/28/1997,7.7,SU,May,1997,,,
5/28/1997,7.6,SU,May,1997,,,
5/28/1997,7.6,SU,May,1997,,,
5/28/1997,7.6,SU,May,1997,,,
6/10/1997,8,SU,Jun,1997,,,
6/10/1997,8,SU,Jun,1997,,,
6/10/1997,8.1,SU,Jun,1997,,,
6/10/1997,8.1,SU,Jun,1997,,,
6/10/1997,8,SU,Jun,1997,,,
6/10/1997,7.7,SU,Jun,1997,,,
6/10/1997,7.6,SU,Jun,1997,,,
6/10/1997,7.6,SU,Jun,1997,,,
6/24/1997,8.4,SU,Jun,1997,,,
6/24/1997,8.4,SU,Jun,1997,,,
6/24/1997,8.5,SU,Jun,1997,,,
6/24/1997,8.6,SU,Jun,1997,,,
6/24/1997,8.6,SU,Jun,1997,,,
6/24/1997,8.2,SU,Jun,1997,,,
6/24/1997,8.2,SU,Jun,1997,,,
6/24/1997,8.1,SU,Jun,1997,,,
6/24/1997,8.1,SU,Jun,1997,,,
7/15/1997,8,SU,Jul,1997,,,
7/15/1997,8,SU,Jul,1997,,,
7/15/1997,8,SU,Jul,1997,,,
7/15/1997,8,SU,Jul,1997,,,
7/15/1997,7.9,SU,Jul,1997,,,
7/15/1997,8,SU,Jul,1997,,,
7/15/1997,7.6,SU,Jul,1997,,,
7/15/1997,7.6,SU,Jul,1997,,,
7/29/1997,8,SU,Jul,1997,,,
7/29/1997,8,SU,Jul,1997,,,
7/29/1997,8,SU,Jul,1997,,,
7/29/1997,8,SU,Jul,1997,,,
7/29/1997,8,SU,Jul,1997,,,
7/29/1997,8,SU,Jul,1997,,,
7/29/1997,7.7,SU,Jul,1997,,,
7/29/1997,7.6,SU,Jul,1997,,,
8/12/1997,8,SU,Aug,1997,,,
8/12/1997,8,SU,Aug,1997,,,
8/12/1997,8,SU,Aug,1997,,,
8/12/1997,8,SU,Aug,1997,,,
8/12/1997,8,SU,Aug,1997,,,
8/12/1997,7.9,SU,Aug,1997,,,
8/12/1997,7.9,SU,Aug,1997,,,
8/12/1997,7.9,SU,Aug,1997,,,
8/26/1997,8.1,SU,Aug,1997,,,
8/26/1997,8.1,SU,Aug,1997,,,
8/26/1997,8.1,SU,Aug,1997,,,
8/26/1997,8.1,SU,Aug,1997,,,
8/26/1997,8,SU,Aug,1997,,,
8/26/1997,7.9,SU,Aug,1997,,,
8/26/1997,7.9,SU,Aug,1997,,,
8/26/1997,7.9,SU,Aug,1997,,,
9/10/1997,8,SU,Sep,1997,,,
9/10/1997,8,SU,Sep,1997,,,
9/10/1997,8,SU,Sep,1997,,,
9/10/1997,8,SU,Sep,1997,,,
9/10/1997,8,SU,Sep,1997,,,
9/10/1997,7.9,SU,Sep,1997,,,
9/10/1997,7.8,SU,Sep,1997,,,
9/10/1997,7.8,SU,Sep,1997,,,
9/23/1997,8,SU,Sep,1997,,,
9/23/1997,8,SU,Sep,1997,,,
9/23/1997,8,SU,Sep,1997,,,
9/23/1997,8,SU,Sep,1997,,,
9/23/1997,8,SU,Sep,1997,,,
9/23/1997,8,SU,Sep,1997,,,
9/23/1997,8,SU,Sep,1997,,,
9/23/1997,8,SU,Sep,1997,,,
10/15/1997,8,SU,Oct,1997,,,
10/15/1997,8,SU,Oct,1997,,,
10/15/1997,8,SU,Oct,1997,,,
10/15/1997,8,SU,Oct,1997,,,
10/15/1997,8,SU,Oct,1997,,,
10/15/1997,8,SU,Oct,1997,,,
10/15/1997,8,SU,Oct,1997,,,
10/30/1997,8,SU,Oct,1997,,,
10/30/1997,8,SU,Oct,1997,,,
10/30/1997,8,SU,Oct,1997,,,
10/30/1997,7.9,SU,Oct,1997,,,
10/30/1997,7.8,SU,Oct,1997,,,
10/30/1997,7.8,SU,Oct,1997,,,
10/30/1997,7.8,SU,Oct,1997,,,
11/18/1997,8.2,SU,Nov,1997,,,
11/18/1997,8.2,SU,Nov,1997,,,
11/18/1997,8.2,SU,Nov,1997,,,
11/18/1997,8.1,SU,Nov,1997,,,
11/18/1997,8.1,SU,Nov,1997,,,
11/18/1997,8.1,SU,Nov,1997,,,
11/18/1997,8.1,SU,Nov,1997,,,
11/18/1997,8.1,SU,Nov,1997,,,
12/9/1997,8.1,SU,Dec,1997,,,
12/9/1997,8.1,SU,Dec,1997,,,
12/9/1997,8.1,SU,Dec,1997,,,
12/9/1997,8.1,SU,Dec,1997,,,
12/9/1997,8.1,SU,Dec,1997,,,
12/9/1997,8.1,SU,Dec,1997,,,
12/9/1997,8.1,SU,Dec,1997,,,
12/9/1997,8.1,SU,Dec,1997,,,
1/7/1998,8.3,SU,Jan,1998,,,
1/7/1998,8.3,SU,Jan,1998,,,
1/7/1998,8.3,SU,Jan,1998,,,
1/7/1998,8.3,SU,Jan,1998,,,
1/7/1998,8.3,SU,Jan,1998,,,
1/7/1998,8.3,SU,Jan,1998,,,
1/7/1998,8.3,SU,Jan,1998,,,
1/7/1998,8.3,SU,Jan,1998,,,
1/7/1998,8.3,SU,Jan,1998,,,
2/10/1998,8.5,SU,Feb,1998,,,
2/10/1998,8.5,SU,Feb,1998,,,
2/10/1998,8.5,SU,Feb,1998,,,
2/10/1998,8.4,SU,Feb,1998,,,
2/10/1998,8.4,SU,Feb,1998,,,
2/10/1998,8.4,SU,Feb,1998,,,
2/10/1998,8.4,SU,Feb,1998,,,
2/10/1998,8.3,SU,Feb,1998,,,
3/25/1998,8.3,SU,Mar,1998,,,
3/25/1998,8.3,SU,Mar,1998,,,
3/25/1998,8.3,SU,Mar,1998,,,
3/25/1998,8.3,SU,Mar,1998,,,
3/25/1998,8.2,SU,Mar,1998,,,
3/25/1998,8.2,SU,Mar,1998,,,
3/25/1998,8.2,SU,Mar,1998,,,
4/7/1998,8.7,SU,Apr,1998,,,
4/7/1998,8.7,SU,Apr,1998,,,
4/7/1998,8.7,SU,Apr,1998,,,
4/7/1998,8.7,SU,Apr,1998,,,
4/7/1998,8.7,SU,Apr,1998,,,
4/7/1998,8.6,SU,Apr,1998,,,
4/7/1998,8.6,SU,Apr,1998,,,
4/23/1998,8.6,SU,Apr,1998,,,
4/23/1998,8.6,SU,Apr,1998,,,
4/23/1998,8.6,SU,Apr,1998,,,
4/23/1998,8.6,SU,Apr,1998,,,
4/23/1998,8.5,SU,Apr,1998,,,
4/23/1998,8.4,SU,Apr,1998,,,
4/23/1998,8.3,SU,Apr,1998,,,
4/23/1998,8.1,SU,Apr,1998,,,
5/5/1998,8.6,SU,May,1998,,,
5/5/1998,8.6,SU,May,1998,,,
5/5/1998,8.6,SU,May,1998,,,
5/5/1998,8.6,SU,May,1998,,,
5/5/1998,8.6,SU,May,1998,,,
5/5/1998,8.6,SU,May,1998,,,
5/5/1998,8.6,SU,May,1998,,,
5/5/1998,8.6,SU,May,1998,,,
5/19/1998,9.1,SU,May,1998,,,
5/19/1998,9.1,SU,May,1998,,,
5/19/1998,9.1,SU,May,1998,,,
5/19/1998,9.1,SU,May,1998,,,
5/19/1998,9,SU,May,1998,,,
5/19/1998,8.9,SU,May,1998,,,
5/19/1998,8.6,SU,May,1998,,,
6/2/1998,7.9,SU,Jun,1998,,,
6/2/1998,7.9,SU,Jun,1998,,,
6/2/1998,7.9,SU,Jun,1998,,,
6/2/1998,7.9,SU,Jun,1998,,,
6/2/1998,7.9,SU,Jun,1998,,,
6/2/1998,7.8,SU,Jun,1998,,,
6/2/1998,7.7,SU,Jun,1998,,,
6/2/1998,7.6,SU,Jun,1998,,,
6/16/1998,7.9,SU,Jun,1998,,,
6/16/1998,7.9,SU,Jun,1998,,,
6/16/1998,7.7,SU,Jun,1998,,,
6/16/1998,7.7,SU,Jun,1998,,,
6/16/1998,7.6,SU,Jun,1998,,,
6/16/1998,7.6,SU,Jun,1998,,,
6/16/1998,7.6,SU,Jun,1998,,,
6/16/1998,7.5,SU,Jun,1998,,,
7/7/1998,8.3,SU,Jul,1998,,,
7/7/1998,8.3,SU,Jul,1998,,,
7/7/1998,8.3,SU,Jul,1998,,,
7/7/1998,8.2,SU,Jul,1998,,,
7/7/1998,8.2,SU,Jul,1998,,,
7/7/1998,8.3,SU,Jul,1998,,,
7/7/1998,7.7,SU,Jul,1998,,,
7/7/1998,7.7,SU,Jul,1998,,,
7/21/1998,8.4,SU,Jul,1998,,,
7/21/1998,8.4,SU,Jul,1998,,,
7/21/1998,8.3,SU,Jul,1998,,,
7/21/1998,8.4,SU,Jul,1998,,,
7/21/1998,8.1,SU,Jul,1998,,,
7/21/1998,8.2,SU,Jul,1998,,,
7/21/1998,8.1,SU,Jul,1998,,,
7/21/1998,8,SU,Jul,1998,,,
8/5/1998,8.3,SU,Aug,1998,,,
8/5/1998,8.3,SU,Aug,1998,,,
8/5/1998,8.3,SU,Aug,1998,,,
8/5/1998,8.1,SU,Aug,1998,,,
8/5/1998,8.1,SU,Aug,1998,,,
8/5/1998,7.9,SU,Aug,1998,,,
8/5/1998,7.9,SU,Aug,1998,,,
8/5/1998,7.7,SU,Aug,1998,,,
8/18/1998,8.1,SU,Aug,1998,,,
8/18/1998,8.1,SU,Aug,1998,,,
8/18/1998,8.1,SU,Aug,1998,,,
8/18/1998,8.1,SU,Aug,1998,,,
8/18/1998,8,SU,Aug,1998,,,
8/18/1998,7.7,SU,Aug,1998,,,
8/18/1998,7.7,SU,Aug,1998,,,
9/2/1998,8.1,SU,Sep,1998,,,
9/2/1998,8.1,SU,Sep,1998,,,
9/2/1998,8.1,SU,Sep,1998,,,
9/2/1998,8.1,SU,Sep,1998,,,
9/2/1998,8.1,SU,Sep,1998,,,
9/2/1998,7.8,SU,Sep,1998,,,
9/2/1998,7.6,SU,Sep,1998,,,
9/2/1998,7.6,SU,Sep,1998,,,
9/2/1998,7.6,SU,Sep,1998,,,
9/15/1998,8.1,SU,Sep,1998,,,
9/15/1998,8.1,SU,Sep,1998,,,
9/15/1998,8,SU,Sep,1998,,,
9/15/1998,8,SU,Sep,1998,,,
9/15/1998,8,SU,Sep,1998,,,
9/15/1998,8,SU,Sep,1998,,,
9/15/1998,7.9,SU,Sep,1998,,,
9/15/1998,7.9,SU,Sep,1998,,,
10/14/1998,7.8,SU,Oct,1998,,,
10/14/1998,7.8,SU,Oct,1998,,,
10/14/1998,7.8,SU,Oct,1998,,,
10/14/1998,7.8,SU,Oct,1998,,,
10/14/1998,7.7,SU,Oct,1998,,,
10/14/1998,7.6,SU,Oct,1998,,,
10/14/1998,7.6,SU,Oct,1998,,,
10/14/1998,7.8,SU,Oct,1998,,,
10/27/1998,8,SU,Oct,1998,,,
10/27/1998,8,SU,Oct,1998,,,
10/27/1998,8,SU,Oct,1998,,,
10/27/1998,8,SU,Oct,1998,,,
10/27/1998,8,SU,Oct,1998,,,
10/27/1998,8,SU,Oct,1998,,,
10/27/1998,7.9,SU,Oct,1998,,,
10/27/1998,7.8,SU,Oct,1998,,,
10/27/1998,7.8,SU,Oct,1998,,,
11/17/1998,7.9,SU,Nov,1998,,,
11/17/1998,7.9,SU,Nov,1998,,,
11/17/1998,7.9,SU,Nov,1998,,,
11/17/1998,7.9,SU,Nov,1998,,,
11/17/1998,7.9,SU,Nov,1998,,,
11/17/1998,7.8,SU,Nov,1998,,,
11/17/1998,7.8,SU,Nov,1998,,,
11/17/1998,7.8,SU,Nov,1998,,,
12/16/1998,7.8,SU,Dec,1998,,,
12/16/1998,7.8,SU,Dec,1998,,,
12/16/1998,7.8,SU,Dec,1998,,,
12/16/1998,7.8,SU,Dec,1998,,,
12/16/1998,7.8,SU,Dec,1998,,,
12/16/1998,7.8,SU,Dec,1998,,,
12/16/1998,7.7,SU,Dec,1998,,,
12/16/1998,7.7,SU,Dec,1998,,,
1/12/1999,7.9,SU,Jan,1999,,,
1/12/1999,7.9,SU,Jan,1999,,,
1/12/1999,7.9,SU,Jan,1999,,,
1/12/1999,7.8,SU,Jan,1999,,,
1/12/1999,7.8,SU,Jan,1999,,,
3/2/1999,7.9,SU,Mar,1999,,,
3/2/1999,7.9,SU,Mar,1999,,,
3/2/1999,7.9,SU,Mar,1999,,,
3/2/1999,7.9,SU,Mar,1999,,,
3/2/1999,7.9,SU,Mar,1999,,,
3/2/1999,7.9,SU,Mar,1999,,,
3/2/1999,7.8,SU,Mar,1999,,,
3/2/1999,7.8,SU,Mar,1999,,,
4/13/1999,7.9,SU,Apr,1999,,,
4/13/1999,7.9,SU,Apr,1999,,,
4/13/1999,7.9,SU,Apr,1999,,,
4/13/1999,7.9,SU,Apr,1999,,,
4/13/1999,7.8,SU,Apr,1999,,,
4/13/1999,7.8,SU,Apr,1999,,,
4/13/1999,7.9,SU,Apr,1999,,,
4/27/1999,8,SU,Apr,1999,,,
4/27/1999,8,SU,Apr,1999,,,
4/27/1999,8,SU,Apr,1999,,,
4/27/1999,8,SU,Apr,1999,,,
4/27/1999,8,SU,Apr,1999,,,
4/27/1999,8,SU,Apr,1999,,,
4/27/1999,8,SU,Apr,1999,,,
5/11/1999,7.8,SU,May,1999,,,
5/11/1999,7.8,SU,May,1999,,,
5/11/1999,7.8,SU,May,1999,,,
5/11/1999,7.8,SU,May,1999,,,
5/11/1999,7.7,SU,May,1999,,,
5/11/1999,7.6,SU,May,1999,,,
5/11/1999,7.6,SU,May,1999,,,
5/11/1999,7.6,SU,May,1999,,,
6/8/1999,7.8,SU,Jun,1999,,,
6/8/1999,7.8,SU,Jun,1999,,,
6/8/1999,7.8,SU,Jun,1999,,,
6/8/1999,7.8,SU,Jun,1999,,,
6/8/1999,7.8,SU,Jun,1999,,,
6/8/1999,7.6,SU,Jun,1999,,,
6/8/1999,7.6,SU,Jun,1999,,,
6/8/1999,7.6,SU,Jun,1999,,,
7/20/1999,8,SU,Jul,1999,,,
7/20/1999,7.9,SU,Jul,1999,,,
7/20/1999,7.8,SU,Jul,1999,,,
7/20/1999,7.6,SU,Jul,1999,,,
7/20/1999,7.6,SU,Jul,1999,,,
7/20/1999,7.6,SU,Jul,1999,,,
7/20/1999,7.6,SU,Jul,1999,,,
7/20/1999,7.6,SU,Jul,1999,,,
8/4/1999,8,SU,Aug,1999,,,
8/4/1999,8,SU,Aug,1999,,,
8/4/1999,8,SU,Aug,1999,,,
8/4/1999,7.9,SU,Aug,1999,,,
8/4/1999,7.8,SU,Aug,1999,,,
8/4/1999,7.6,SU,Aug,1999,,,
8/4/1999,7.4,SU,Aug,1999,,,
8/4/1999,7.3,SU,Aug,1999,,,
8/4/1999,7.3,SU,Aug,1999,,,
9/22/1999,8,SU,Sep,1999,,,
9/22/1999,8,SU,Sep,1999,,,
9/22/1999,8,SU,Sep,1999,,,
9/22/1999,8,SU,Sep,1999,,,
9/22/1999,8,SU,Sep,1999,,,
9/22/1999,8,SU,Sep,1999,,,
9/22/1999,8,SU,Sep,1999,,,
9/22/1999,8,SU,Sep,1999,,,
10/5/1999,8,SU,Oct,1999,,,
10/5/1999,8,SU,Oct,1999,,,
10/5/1999,8,SU,Oct,1999,,,
10/5/1999,8,SU,Oct,1999,,,
10/5/1999,8,SU,Oct,1999,,,
10/5/1999,8,SU,Oct,1999,,,
10/5/1999,8,SU,Oct,1999,,,
10/5/1999,8,SU,Oct,1999,,,
11/2/1999,8.2,SU,Nov,1999,,,
11/2/1999,8.1,SU,Nov,1999,,,
11/2/1999,8.2,SU,Nov,1999,,,
11/2/1999,8.2,SU,Nov,1999,,,
11/2/1999,8.2,SU,Nov,1999,,,
11/2/1999,8.1,SU,Nov,1999,,,
11/2/1999,8.1,SU,Nov,1999,,,
11/2/1999,8.1,SU,Nov,1999,,,
12/7/1999,8,SU,Dec,1999,,,
12/7/1999,8,SU,Dec,1999,,,
12/7/1999,7.9,SU,Dec,1999,,,
12/7/1999,7.9,SU,Dec,1999,,,
12/7/1999,7.9,SU,Dec,1999,,,
12/7/1999,8,SU,Dec,1999,,,
12/7/1999,8,SU,Dec,1999,,,
1/24/2000,8,SU,Jan,2000,,,
1/24/2000,8,SU,Jan,2000,,,
1/24/2000,8,SU,Jan,2000,,,
1/24/2000,8,SU,Jan,2000,,,
1/24/2000,8,SU,Jan,2000,,,
1/24/2000,8,SU,Jan,2000,,,
1/24/2000,8,SU,Jan,2000,,,
1/24/2000,8,SU,Jan,2000,,,
2/16/2000,7.5,SU,Feb,2000,,,
2/16/2000,7.5,SU,Feb,2000,,,
2/16/2000,7.5,SU,Feb,2000,,,
2/16/2000,7.5,SU,Feb,2000,,,
2/16/2000,7.5,SU,Feb,2000,,,
2/16/2000,7.5,SU,Feb,2000,,,
2/16/2000,7.5,SU,Feb,2000,,,
2/16/2000,7.5,SU,Feb,2000,,,
3/14/2000,8,SU,Mar,2000,,,
3/14/2000,8,SU,Mar,2000,,,
3/14/2000,8,SU,Mar,2000,,,
3/14/2000,8,SU,Mar,2000,,,
3/14/2000,8,SU,Mar,2000,,,
3/14/2000,8,SU,Mar,2000,,,
3/14/2000,7.9,SU,Mar,2000,,,
3/14/2000,7.8,SU,Mar,2000,,,
3/14/2000,7.8,SU,Mar,2000,,,
4/11/2000,8,SU,Apr,2000,,,
4/11/2000,8,SU,Apr,2000,,,
4/11/2000,8,SU,Apr,2000,,,
4/11/2000,8,SU,Apr,2000,,,
4/11/2000,7.9,SU,Apr,2000,,,
4/11/2000,7.9,SU,Apr,2000,,,
4/11/2000,7.9,SU,Apr,2000,,,
4/11/2000,7.8,SU,Apr,2000,,,
5/24/2000,7.6,SU,May,2000,,,
5/24/2000,7.5,SU,May,2000,,,
5/24/2000,7.4,SU,May,2000,,,
5/24/2000,7.3,SU,May,2000,,,
5/24/2000,7.3,SU,May,2000,,,
5/24/2000,7.3,SU,May,2000,,,
5/24/2000,7.2,SU,May,2000,,,
5/24/2000,7.2,SU,May,2000,,,
6/13/2000,8.2,SU,Jun,2000,,,
6/13/2000,8.2,SU,Jun,2000,,,
6/13/2000,8.2,SU,Jun,2000,,,
6/13/2000,8.2,SU,Jun,2000,,,
6/13/2000,8.2,SU,Jun,2000,,,
6/13/2000,8.1,SU,Jun,2000,,,
6/13/2000,8.1,SU,Jun,2000,,,
6/13/2000,7.9,SU,Jun,2000,,,
7/11/2000,8.1,SU,Jul,2000,,,
7/11/2000,8,SU,Jul,2000,,,
7/11/2000,8,SU,Jul,2000,,,
7/11/2000,8,SU,Jul,2000,,,
7/11/2000,7.9,SU,Jul,2000,,,
7/11/2000,8,SU,Jul,2000,,,
7/11/2000,7.8,SU,Jul,2000,,,
8/8/2000,8.5,SU,Aug,2000,,,
8/8/2000,8.5,SU,Aug,2000,,,
8/8/2000,8.5,SU,Aug,2000,,,
8/8/2000,8.3,SU,Aug,2000,,,
8/8/2000,8.4,SU,Aug,2000,,,
8/8/2000,8.2,SU,Aug,2000,,,
8/8/2000,8.2,SU,Aug,2000,,,
8/8/2000,8.1,SU,Aug,2000,,,
9/27/2000,7.8,SU,Sep,2000,,,
9/27/2000,7.9,SU,Sep,2000,,,
9/27/2000,7.9,SU,Sep,2000,,,
9/27/2000,7.9,SU,Sep,2000,,,
9/27/2000,7.9,SU,Sep,2000,,,
9/27/2000,7.8,SU,Sep,2000,,,
9/27/2000,7.8,SU,Sep,2000,,,
9/27/2000,7.8,SU,Sep,2000,,,
10/12/2000,8.1,SU,Oct,2000,,,
10/12/2000,8.1,SU,Oct,2000,,,
10/12/2000,8.1,SU,Oct,2000,,,
10/12/2000,8,SU,Oct,2000,,,
10/12/2000,8,SU,Oct,2000,,,
10/12/2000,8,SU,Oct,2000,,,
10/12/2000,8,SU,Oct,2000,,,
11/14/2000,8,SU,Nov,2000,,,
11/14/2000,8,SU,Nov,2000,,,
11/14/2000,8,SU,Nov,2000,,,
11/14/2000,8,SU,Nov,2000,,,
11/14/2000,8,SU,Nov,2000,,,
11/14/2000,7.9,SU,Nov,2000,,,
11/14/2000,7.9,SU,Nov,2000,,,
11/14/2000,7.9,SU,Nov,2000,,,
11/14/2000,7.9,SU,Nov,2000,,,
12/13/2000,7.5,SU,Dec,2000,,,
12/13/2000,7.5,SU,Dec,2000,,,
12/13/2000,7.5,SU,Dec,2000,,,
12/13/2000,7.5,SU,Dec,2000,,,
12/13/2000,7.5,SU,Dec,2000,,,
12/13/2000,7.5,SU,Dec,2000,,,
12/13/2000,7.5,SU,Dec,2000,,,
1/16/2001,8.4,SU,Jan,2001,,,
1/16/2001,8.4,SU,Jan,2001,,,
1/16/2001,8.4,SU,Jan,2001,,,
1/16/2001,8.4,SU,Jan,2001,,,
1/16/2001,8.4,SU,Jan,2001,,,
1/16/2001,8.4,SU,Jan,2001,,,
1/16/2001,8.4,SU,Jan,2001,,,
1/16/2001,8.4,SU,Jan,2001,,,
2/14/2001,8.3,SU,Feb,2001,,,
2/14/2001,8.3,SU,Feb,2001,,,
2/14/2001,8.3,SU,Feb,2001,,,
2/14/2001,8.3,SU,Feb,2001,,,
2/14/2001,8.2,SU,Feb,2001,,,
2/14/2001,8.2,SU,Feb,2001,,,
2/14/2001,8.2,SU,Feb,2001,,,
2/14/2001,8.2,SU,Feb,2001,,,
3/20/2001,8,SU,Mar,2001,,,
3/20/2001,8,SU,Mar,2001,,,
3/20/2001,7.9,SU,Mar,2001,,,
3/20/2001,7.8,SU,Mar,2001,,,
3/20/2001,7.7,SU,Mar,2001,,,
3/20/2001,7.7,SU,Mar,2001,,,
3/20/2001,7.4,SU,Mar,2001,,,
3/20/2001,8,SU,Mar,2001,,,
4/4/2001,8.3,SU,Apr,2001,,,
4/4/2001,8.3,SU,Apr,2001,,,
4/4/2001,8.2,SU,Apr,2001,,,
4/4/2001,8.2,SU,Apr,2001,,,
4/4/2001,8.2,SU,Apr,2001,,,
4/4/2001,8.2,SU,Apr,2001,,,
4/4/2001,8.2,SU,Apr,2001,,,
4/4/2001,8.1,SU,Apr,2001,,,
5/8/2001,8.5,SU,May,2001,,,
5/8/2001,8.5,SU,May,2001,,,
5/8/2001,8.5,SU,May,2001,,,
5/8/2001,8.4,SU,May,2001,,,
5/8/2001,8.3,SU,May,2001,,,
5/8/2001,8.2,SU,May,2001,,,
5/8/2001,8.3,SU,May,2001,,,
5/8/2001,8,SU,May,2001,,,
5/8/2001,8,SU,May,2001,,,
6/12/2001,7.7,SU,Jun,2001,,,
6/12/2001,7.7,SU,Jun,2001,,,
6/12/2001,7.8,SU,Jun,2001,,,
6/12/2001,7.9,SU,Jun,2001,,,
6/12/2001,7.9,SU,Jun,2001,,,
6/12/2001,7.7,SU,Jun,2001,,,
6/12/2001,7.6,SU,Jun,2001,,,
6/12/2001,7.5,SU,Jun,2001,,,
7/10/2001,8.1,SU,Jul,2001,,,
7/10/2001,8.2,SU,Jul,2001,,,
7/10/2001,8.2,SU,Jul,2001,,,
7/10/2001,8,SU,Jul,2001,,,
7/10/2001,8,SU,Jul,2001,,,
7/10/2001,7.9,SU,Jul,2001,,,
7/10/2001,7.6,SU,Jul,2001,,,
7/10/2001,7.4,SU,Jul,2001,,,
8/14/2001,8,SU,Aug,2001,,,
8/14/2001,8,SU,Aug,2001,,,
8/14/2001,8,SU,Aug,2001,,,
8/14/2001,7.9,SU,Aug,2001,,,
8/14/2001,7.9,SU,Aug,2001,,,
8/14/2001,7.7,SU,Aug,2001,,,
8/14/2001,7.7,SU,Aug,2001,,,
8/14/2001,7.6,SU,Aug,2001,,,
9/11/2001,8,SU,Sep,2001,,,
9/11/2001,8,SU,Sep,2001,,,
9/11/2001,8,SU,Sep,2001,,,
9/11/2001,8,SU,Sep,2001,,,
9/11/2001,7.9,SU,Sep,2001,,,
9/11/2001,7.8,SU,Sep,2001,,,
9/11/2001,7.7,SU,Sep,2001,,,
9/11/2001,7.7,SU,Sep,2001,,,
11/14/2001,7.9,SU,Nov,2001,,,
11/14/2001,7.9,SU,Nov,2001,,,
11/14/2001,7.9,SU,Nov,2001,,,
11/14/2001,7.9,SU,Nov,2001,,,
11/14/2001,7.9,SU,Nov,2001,,,
11/14/2001,7.9,SU,Nov,2001,,,
11/14/2001,7.8,SU,Nov,2001,,,
11/14/2001,7.8,SU,Nov,2001,,,
12/11/2001,7.7,SU,Dec,2001,,,
12/11/2001,7.7,SU,Dec,2001,,,
12/11/2001,7.7,SU,Dec,2001,,,
12/11/2001,7.7,SU,Dec,2001,,,
12/11/2001,7.7,SU,Dec,2001,,,
12/11/2001,7.8,SU,Dec,2001,,,
12/11/2001,7.7,SU,Dec,2001,,,
12/11/2001,7.6,SU,Dec,2001,,,
12/11/2001,7.6,SU,Dec,2001,,,
1/8/2002,7.6,SU,Jan,2002,,,
1/8/2002,7.6,SU,Jan,2002,,,
1/8/2002,7.6,SU,Jan,2002,,,
1/8/2002,7.6,SU,Jan,2002,,,
1/8/2002,7.6,SU,Jan,2002,,,
1/8/2002,7.6,SU,Jan,2002,,,
1/8/2002,7.6,SU,Jan,2002,,,
1/8/2002,7.6,SU,Jan,2002,,,
2/13/2002,8,SU,Feb,2002,,,
2/13/2002,8,SU,Feb,2002,,,
2/13/2002,8,SU,Feb,2002,,,
2/13/2002,8,SU,Feb,2002,,,
2/13/2002,8,SU,Feb,2002,,,
2/13/2002,8,SU,Feb,2002,,,
2/13/2002,8,SU,Feb,2002,,,
2/13/2002,8,SU,Feb,2002,,,
3/12/2002,8.1,SU,Mar,2002,,,
3/12/2002,8.1,SU,Mar,2002,,,
3/12/2002,8.1,SU,Mar,2002,,,
3/12/2002,8.1,SU,Mar,2002,,,
3/12/2002,8.1,SU,Mar,2002,,,
3/12/2002,8.1,SU,Mar,2002,,,
3/12/2002,8.1,SU,Mar,2002,,,
4/15/2002,8,SU,Apr,2002,,,
4/15/2002,8,SU,Apr,2002,,,
4/15/2002,8,SU,Apr,2002,,,
4/15/2002,8,SU,Apr,2002,,,
4/15/2002,8,SU,Apr,2002,,,
4/15/2002,8,SU,Apr,2002,,,
4/15/2002,8,SU,Apr,2002,,,
4/15/2002,8,SU,Apr,2002,,,
5/7/2002,7.9,SU,May,2002,,,
5/7/2002,7.9,SU,May,2002,,,
5/7/2002,8,SU,May,2002,,,
5/7/2002,8,SU,May,2002,,,
5/7/2002,8,SU,May,2002,,,
5/7/2002,8,SU,May,2002,,,
5/7/2002,7.9,SU,May,2002,,,
5/7/2002,7.9,SU,May,2002,,,
6/18/2002,8,SU,Jun,2002,,,
6/18/2002,8,SU,Jun,2002,,,
6/18/2002,8,SU,Jun,2002,,,
6/18/2002,7.9,SU,Jun,2002,,,
6/18/2002,7.7,SU,Jun,2002,,,
6/18/2002,7.7,SU,Jun,2002,,,
6/18/2002,7.6,SU,Jun,2002,,,
6/18/2002,7.5,SU,Jun,2002,,,
6/18/2002,7.5,SU,Jun,2002,,,
7/17/2002,8.1,SU,Jul,2002,,,
7/17/2002,8.1,SU,Jul,2002,,,
7/17/2002,8,SU,Jul,2002,,,
7/17/2002,7.9,SU,Jul,2002,,,
7/17/2002,7.8,SU,Jul,2002,,,
7/17/2002,7.8,SU,Jul,2002,,,
7/17/2002,7.8,SU,Jul,2002,,,
7/17/2002,7.8,SU,Jul,2002,,,
8/13/2002,8,SU,Aug,2002,,,
8/13/2002,7.9,SU,Aug,2002,,,
8/13/2002,7.9,SU,Aug,2002,,,
8/13/2002,7.9,SU,Aug,2002,,,
8/13/2002,7.8,SU,Aug,2002,,,
8/13/2002,7.8,SU,Aug,2002,,,
8/13/2002,7.8,SU,Aug,2002,,,
8/13/2002,7.8,SU,Aug,2002,,,
9/17/2002,8.1,SU,Sep,2002,,,
9/17/2002,8.1,SU,Sep,2002,,,
9/17/2002,8,SU,Sep,2002,,,
9/17/2002,8,SU,Sep,2002,,,
9/17/2002,7.9,SU,Sep,2002,,,
9/17/2002,7.9,SU,Sep,2002,,,
9/17/2002,7.9,SU,Sep,2002,,,
9/17/2002,7.8,SU,Sep,2002,,,
10/22/2002,7.9,SU,Oct,2002,,,
10/22/2002,7.9,SU,Oct,2002,,,
10/22/2002,7.9,SU,Oct,2002,,,
10/22/2002,7.9,SU,Oct,2002,,,
10/22/2002,7.9,SU,Oct,2002,,,
10/22/2002,7.9,SU,Oct,2002,,,
10/22/2002,7.8,SU,Oct,2002,,,
10/22/2002,7.8,SU,Oct,2002,,,
11/13/2002,8.1,SU,Nov,2002,,,
11/13/2002,8.1,SU,Nov,2002,,,
11/13/2002,8.1,SU,Nov,2002,,,
11/13/2002,8,SU,Nov,2002,,,
11/13/2002,8,SU,Nov,2002,,,
11/13/2002,8,SU,Nov,2002,,,
11/13/2002,8,SU,Nov,2002,,,
11/13/2002,8,SU,Nov,2002,,,
12/11/2002,8.3,SU,Dec,2002,,,
12/11/2002,8.3,SU,Dec,2002,,,
12/11/2002,8.3,SU,Dec,2002,,,
12/11/2002,8.3,SU,Dec,2002,,,
12/11/2002,8.3,SU,Dec,2002,,,
12/11/2002,8.3,SU,Dec,2002,,,
12/11/2002,8.3,SU,Dec,2002,,,
12/11/2002,8.3,SU,Dec,2002,,,
1/14/2003,7.9,SU,Jan,2003,,,
1/14/2003,7.9,SU,Jan,2003,,,
1/14/2003,8,SU,Jan,2003,,,
1/14/2003,8,SU,Jan,2003,,,
1/14/2003,8,SU,Jan,2003,,,
1/14/2003,8,SU,Jan,2003,,,
1/14/2003,8,SU,Jan,2003,,,
1/14/2003,8,SU,Jan,2003,,,
2/13/2003,7.4,SU,Feb,2003,,,
2/13/2003,7.5,SU,Feb,2003,,,
2/13/2003,7.4,SU,Feb,2003,,,
2/13/2003,7.4,SU,Feb,2003,,,
2/13/2003,7.4,SU,Feb,2003,,,
2/13/2003,7.4,SU,Feb,2003,,,
2/13/2003,7.4,SU,Feb,2003,,,
2/13/2003,7.4,SU,Feb,2003,,,
3/11/2003,8.1,SU,Mar,2003,,,
3/11/2003,8.1,SU,Mar,2003,,,
3/11/2003,8.4,SU,Mar,2003,,,
3/11/2003,8.4,SU,Mar,2003,,,
3/11/2003,8.4,SU,Mar,2003,,,
3/11/2003,8.4,SU,Mar,2003,,,
3/11/2003,8.4,SU,Mar,2003,,,
3/11/2003,8.3,SU,Mar,2003,,,
3/11/2003,8.2,SU,Mar,2003,,,
4/24/2003,8.7,SU,Apr,2003,,,
4/24/2003,8.7,SU,Apr,2003,,,
4/24/2003,8.7,SU,Apr,2003,,,
4/24/2003,8.7,SU,Apr,2003,,,
4/24/2003,8.7,SU,Apr,2003,,,
4/24/2003,8.7,SU,Apr,2003,,,
4/24/2003,8.7,SU,Apr,2003,,,
4/24/2003,8.7,SU,Apr,2003,,,
5/6/2003,8.7,SU,May,2003,,,
5/6/2003,8.7,SU,May,2003,,,
5/6/2003,8.8,SU,May,2003,,,
5/6/2003,8.8,SU,May,2003,,,
5/6/2003,8.8,SU,May,2003,,,
5/6/2003,8.7,SU,May,2003,,,
5/6/2003,8.5,SU,May,2003,,,
5/6/2003,8.2,SU,May,2003,,,
5/6/2003,8.2,SU,May,2003,,,
6/17/2003,8,SU,Jun,2003,,,
6/17/2003,8,SU,Jun,2003,,,
6/17/2003,7.8,SU,Jun,2003,,,
6/17/2003,7.6,SU,Jun,2003,,,
6/17/2003,7.5,SU,Jun,2003,,,
6/17/2003,7.4,SU,Jun,2003,,,
6/17/2003,7.4,SU,Jun,2003,,,
6/17/2003,7.3,SU,Jun,2003,,,
7/8/2003,8.2,SU,Jul,2003,,,
7/8/2003,8.2,SU,Jul,2003,,,
7/8/2003,8.2,SU,Jul,2003,,,
7/8/2003,8.2,SU,Jul,2003,,,
7/8/2003,8.2,SU,Jul,2003,,,
7/8/2003,8.2,SU,Jul,2003,,,
7/8/2003,8.2,SU,Jul,2003,,,
7/8/2003,8.1,SU,Jul,2003,,,
8/5/2003,8.4,SU,Aug,2003,,,
8/5/2003,8.4,SU,Aug,2003,,,
8/5/2003,8.3,SU,Aug,2003,,,
8/5/2003,8.3,SU,Aug,2003,,,
8/5/2003,8.2,SU,Aug,2003,,,
8/5/2003,8.2,SU,Aug,2003,,,
8/5/2003,8.2,SU,Aug,2003,,,
8/5/2003,8.2,SU,Aug,2003,,,
9/16/2003,8.2,SU,Sep,2003,,,
9/16/2003,8.2,SU,Sep,2003,,,
9/16/2003,8.2,SU,Sep,2003,,,
9/16/2003,8.2,SU,Sep,2003,,,
9/16/2003,8.2,SU,Sep,2003,,,
9/16/2003,8.2,SU,Sep,2003,,,
9/16/2003,8.2,SU,Sep,2003,,,
9/16/2003,8.2,SU,Sep,2003,,,
10/7/2003,8.2,SU,Oct,2003,,,
10/7/2003,8.2,SU,Oct,2003,,,
10/7/2003,8.2,SU,Oct,2003,,,
10/7/2003,8.1,SU,Oct,2003,,,
10/7/2003,8.1,SU,Oct,2003,,,
10/7/2003,8.1,SU,Oct,2003,,,
10/7/2003,8.1,SU,Oct,2003,,,
10/7/2003,8.1,SU,Oct,2003,,,
11/18/2003,8.3,SU,Nov,2003,,,
11/18/2003,8.3,SU,Nov,2003,,,
11/18/2003,8.3,SU,Nov,2003,,,
11/18/2003,8.3,SU,Nov,2003,,,
11/18/2003,8.3,SU,Nov,2003,,,
11/18/2003,8.3,SU,Nov,2003,,,
11/18/2003,8.1,SU,Nov,2003,,,
11/18/2003,8.1,SU,Nov,2003,,,
12/17/2003,7.8,SU,Dec,2003,,,
12/17/2003,7.8,SU,Dec,2003,,,
12/17/2003,7.8,SU,Dec,2003,,,
12/17/2003,7.8,SU,Dec,2003,,,
12/17/2003,7.8,SU,Dec,2003,,,
12/17/2003,7.7,SU,Dec,2003,,,
12/17/2003,7.7,SU,Dec,2003,,,
12/17/2003,7.7,SU,Dec,2003,,,
1/13/2004,7.8,SU,Jan,2004,,,
1/13/2004,7.8,SU,Jan,2004,,,
1/13/2004,7.8,SU,Jan,2004,,,
1/13/2004,7.8,SU,Jan,2004,,,
1/13/2004,7.8,SU,Jan,2004,,,
1/13/2004,7.7,SU,Jan,2004,,,
1/13/2004,7.7,SU,Jan,2004,,,
1/13/2004,7.7,SU,Jan,2004,,,
2/18/2004,8.4,SU,Feb,2004,,,
2/18/2004,8.4,SU,Feb,2004,,,
2/18/2004,8.4,SU,Feb,2004,,,
2/18/2004,8.4,SU,Feb,2004,,,
2/18/2004,8.4,SU,Feb,2004,,,
2/18/2004,8.1,SU,Feb,2004,,,
2/18/2004,8,SU,Feb,2004,,,
2/18/2004,8,SU,Feb,2004,,,
3/18/2004,8,SU,Mar,2004,,,
3/18/2004,8,SU,Mar,2004,,,
3/18/2004,8,SU,Mar,2004,,,
3/18/2004,8,SU,Mar,2004,,,
3/18/2004,8,SU,Mar,2004,,,
3/18/2004,7.9,SU,Mar,2004,,,
3/18/2004,7.8,SU,Mar,2004,,,
3/18/2004,7.8,SU,Mar,2004,,,
4/13/2004,7.6,SU,Apr,2004,,,
4/13/2004,7.6,SU,Apr,2004,,,
4/13/2004,7.6,SU,Apr,2004,,,
4/13/2004,7.6,SU,Apr,2004,,,
4/13/2004,7.6,SU,Apr,2004,,,
4/13/2004,7.5,SU,Apr,2004,,,
4/13/2004,7.5,SU,Apr,2004,,,
4/13/2004,7.4,SU,Apr,2004,,,
5/11/2004,8.4,SU,May,2004,,,
5/11/2004,8.3,SU,May,2004,,,
5/11/2004,8.2,SU,May,2004,,,
5/11/2004,8,SU,May,2004,,,
5/11/2004,8,SU,May,2004,,,
5/11/2004,7.9,SU,May,2004,,,
5/11/2004,7.9,SU,May,2004,,,
5/11/2004,7.8,SU,May,2004,,,
6/8/2004,7.9,SU,Jun,2004,,,
6/8/2004,7.8,SU,Jun,2004,,,
6/8/2004,7.8,SU,Jun,2004,,,
6/8/2004,7.8,SU,Jun,2004,,,
6/8/2004,7.8,SU,Jun,2004,,,
6/8/2004,7.8,SU,Jun,2004,,,
6/8/2004,7.7,SU,Jun,2004,,,
6/8/2004,7.4,SU,Jun,2004,,,
6/8/2004,7.4,SU,Jun,2004,,,
7/20/2004,8.4,SU,Jul,2004,,,
7/20/2004,8.4,SU,Jul,2004,,,
7/20/2004,8.3,SU,Jul,2004,,,
7/20/2004,8.2,SU,Jul,2004,,,
7/20/2004,8.2,SU,Jul,2004,,,
7/20/2004,8.2,SU,Jul,2004,,,
7/20/2004,7.9,SU,Jul,2004,,,
7/20/2004,7.8,SU,Jul,2004,,,
8/10/2004,8.4,SU,Aug,2004,,,
8/10/2004,8.4,SU,Aug,2004,,,
8/10/2004,8.4,SU,Aug,2004,,,
8/10/2004,8.4,SU,Aug,2004,,,
8/10/2004,8.4,SU,Aug,2004,,,
8/10/2004,8.3,SU,Aug,2004,,,
8/10/2004,8.1,SU,Aug,2004,,,
8/10/2004,8,SU,Aug,2004,,,
9/21/2004,8,SU,Sep,2004,,,
9/21/2004,8,SU,Sep,2004,,,
9/21/2004,8,SU,Sep,2004,,,
9/21/2004,7.9,SU,Sep,2004,,,
9/21/2004,7.9,SU,Sep,2004,,,
9/21/2004,7.9,SU,Sep,2004,,,
9/21/2004,7.8,SU,Sep,2004,,,
9/21/2004,7.4,SU,Sep,2004,,,
9/21/2004,7.4,SU,Sep,2004,,,
10/13/2004,8.1,SU,Oct,2004,,,
10/13/2004,8.1,SU,Oct,2004,,,
10/13/2004,8.1,SU,Oct,2004,,,
10/13/2004,8,SU,Oct,2004,,,
10/13/2004,7.9,SU,Oct,2004,,,
10/13/2004,7.9,SU,Oct,2004,,,
10/13/2004,7.8,SU,Oct,2004,,,
10/13/2004,7.4,SU,Oct,2004,,,
10/13/2004,7.4,SU,Oct,2004,,,
11/10/2004,8.2,SU,Nov,2004,,,
11/10/2004,8.2,SU,Nov,2004,,,
11/10/2004,8.2,SU,Nov,2004,,,
11/10/2004,8.2,SU,Nov,2004,,,
11/10/2004,8.2,SU,Nov,2004,,,
11/10/2004,8.1,SU,Nov,2004,,,
11/10/2004,7.9,SU,Nov,2004,,,
11/10/2004,7.9,SU,Nov,2004,,,
11/10/2004,7.9,SU,Nov,2004,,,
12/7/2004,8.2,SU,Dec,2004,,,
12/7/2004,8.2,SU,Dec,2004,,,
12/7/2004,8.2,SU,Dec,2004,,,
12/7/2004,8.2,SU,Dec,2004,,,
12/7/2004,8.2,SU,Dec,2004,,,
12/7/2004,8.2,SU,Dec,2004,,,
12/7/2004,8.2,SU,Dec,2004,,,
12/7/2004,8.2,SU,Dec,2004,,,
1/12/2005,8.2,SU,Jan,2005,,,
1/12/2005,8.2,SU,Jan,2005,,,
1/12/2005,8.2,SU,Jan,2005,,,
1/12/2005,8.2,SU,Jan,2005,,,
1/12/2005,8.2,SU,Jan,2005,,,
1/12/2005,8.2,SU,Jan,2005,,,
1/12/2005,8.2,SU,Jan,2005,,,
1/12/2005,8.1,SU,Jan,2005,,,
2/16/2005,8.3,SU,Feb,2005,,,
2/16/2005,8.2,SU,Feb,2005,,,
2/16/2005,8.2,SU,Feb,2005,,,
2/16/2005,8.2,SU,Feb,2005,,,
2/16/2005,8.3,SU,Feb,2005,,,
2/16/2005,8.3,SU,Feb,2005,,,
2/16/2005,8.3,SU,Feb,2005,,,
2/16/2005,8.3,SU,Feb,2005,,,
3/15/2005,8.1,SU,Mar,2005,,,
3/15/2005,8.1,SU,Mar,2005,,,
3/15/2005,8,SU,Mar,2005,,,
3/15/2005,8,SU,Mar,2005,,,
3/15/2005,8,SU,Mar,2005,,,
3/15/2005,8,SU,Mar,2005,,,
3/15/2005,7.9,SU,Mar,2005,,,
3/15/2005,7.9,SU,Mar,2005,,,
4/19/2005,8.4,SU,Apr,2005,,,
4/19/2005,8.4,SU,Apr,2005,,,
4/19/2005,8.3,SU,Apr,2005,,,
4/19/2005,8.2,SU,Apr,2005,,,
4/19/2005,8.2,SU,Apr,2005,,,
4/19/2005,8.1,SU,Apr,2005,,,
4/19/2005,8.1,SU,Apr,2005,,,
4/19/2005,7.7,SU,Apr,2005,,,
4/19/2005,7.4,SU,Apr,2005,,,
5/11/2005,7.9,SU,May,2005,,,
5/11/2005,7.9,SU,May,2005,,,
5/11/2005,7.9,SU,May,2005,,,
5/11/2005,7.9,SU,May,2005,,,
5/11/2005,7.8,SU,May,2005,,,
5/11/2005,7.7,SU,May,2005,,,
5/11/2005,7.7,SU,May,2005,,,
5/11/2005,7.6,SU,May,2005,,,
5/11/2005,7.4,SU,May,2005,,,
6/14/2005,7.9,SU,Jun,2005,,,
6/14/2005,7.9,SU,Jun,2005,,,
6/14/2005,7.9,SU,Jun,2005,,,
6/14/2005,7.8,SU,Jun,2005,,,
6/14/2005,7.8,SU,Jun,2005,,,
6/14/2005,7.6,SU,Jun,2005,,,
6/14/2005,7.3,SU,Jun,2005,,,
6/14/2005,7.1,SU,Jun,2005,,,
7/12/2005,8.3,SU,Jul,2005,,,
7/12/2005,8.3,SU,Jul,2005,,,
7/12/2005,8.2,SU,Jul,2005,,,
7/12/2005,8.1,SU,Jul,2005,,,
7/12/2005,8,SU,Jul,2005,,,
7/12/2005,7.3,SU,Jul,2005,,,
7/12/2005,7.3,SU,Jul,2005,,,
7/12/2005,7.3,SU,Jul,2005,,,
8/9/2005,8.2,SU,Aug,2005,,,
8/9/2005,8.2,SU,Aug,2005,,,
8/9/2005,8.2,SU,Aug,2005,,,
8/9/2005,8.2,SU,Aug,2005,,,
8/9/2005,8.2,SU,Aug,2005,,,
8/9/2005,8.1,SU,Aug,2005,,,
8/9/2005,8,SU,Aug,2005,,,
8/9/2005,7.8,SU,Aug,2005,,,
9/13/2005,8.1,SU,Sep,2005,,,
9/13/2005,8.1,SU,Sep,2005,,,
9/13/2005,8.1,SU,Sep,2005,,,
9/13/2005,8,SU,Sep,2005,,,
9/13/2005,7.9,SU,Sep,2005,,,
9/13/2005,7.9,SU,Sep,2005,,,
9/13/2005,7.9,SU,Sep,2005,,,
9/13/2005,7.9,SU,Sep,2005,,,
10/18/2005,8.1,SU,Oct,2005,,,
10/18/2005,8.1,SU,Oct,2005,,,
10/18/2005,8.1,SU,Oct,2005,,,
10/18/2005,8,SU,Oct,2005,,,
10/18/2005,8,SU,Oct,2005,,,
10/18/2005,8,SU,Oct,2005,,,
10/18/2005,8,SU,Oct,2005,,,
10/18/2005,8,SU,Oct,2005,,,
11/15/2005,8.4,SU,Nov,2005,,,
11/15/2005,8.4,SU,Nov,2005,,,
11/15/2005,8.4,SU,Nov,2005,,,
11/15/2005,8.4,SU,Nov,2005,,,
11/15/2005,8.4,SU,Nov,2005,,,
11/15/2005,8.4,SU,Nov,2005,,,
11/15/2005,8.4,SU,Nov,2005,,,
11/15/2005,8.4,SU,Nov,2005,,,
12/14/2005,8.3,SU,Dec,2005,,,
12/14/2005,8.3,SU,Dec,2005,,,
12/14/2005,8.3,SU,Dec,2005,,,
12/14/2005,8.3,SU,Dec,2005,,,
12/14/2005,8.3,SU,Dec,2005,,,
12/14/2005,8.3,SU,Dec,2005,,,
12/14/2005,8.3,SU,Dec,2005,,,
1/11/2006,8.2,SU,Jan,2006,,,
1/11/2006,8.2,SU,Jan,2006,,,
1/11/2006,8.1,SU,Jan,2006,,,
1/11/2006,8.2,SU,Jan,2006,,,
1/11/2006,8.1,SU,Jan,2006,,,
1/11/2006,8.1,SU,Jan,2006,,,
1/11/2006,8.1,SU,Jan,2006,,,
1/11/2006,8.1,SU,Jan,2006,,,
2/8/2006,8.3,SU,Feb,2006,,,
2/8/2006,8.3,SU,Feb,2006,,,
2/8/2006,8.3,SU,Feb,2006,,,
2/8/2006,8.3,SU,Feb,2006,,,
2/8/2006,8.3,SU,Feb,2006,,,
2/8/2006,8.3,SU,Feb,2006,,,
2/8/2006,8.3,SU,Feb,2006,,,
2/8/2006,8.3,SU,Feb,2006,,,
3/7/2006,8.1,SU,Mar,2006,,,
3/7/2006,8.1,SU,Mar,2006,,,
3/7/2006,8.1,SU,Mar,2006,,,
3/7/2006,8.1,SU,Mar,2006,,,
3/7/2006,8.1,SU,Mar,2006,,,
3/7/2006,8.1,SU,Mar,2006,,,
3/7/2006,8.1,SU,Mar,2006,,,
3/7/2006,8.1,SU,Mar,2006,,,
4/6/2006,8.1,SU,Apr,2006,,,
4/6/2006,8.2,SU,Apr,2006,,,
4/6/2006,8.2,SU,Apr,2006,,,
4/6/2006,8.1,SU,Apr,2006,,,
4/6/2006,8.1,SU,Apr,2006,,,
4/6/2006,8.1,SU,Apr,2006,,,
4/6/2006,8,SU,Apr,2006,,,
4/6/2006,7.2,SU,Apr,2006,,,
4/6/2006,7.5,SU,Apr,2006,,,
4/18/2006,8.7,SU,Apr,2006,,,
4/18/2006,8.7,SU,Apr,2006,,,
4/18/2006,8.7,SU,Apr,2006,,,
4/18/2006,8.7,SU,Apr,2006,,,
4/18/2006,8.6,SU,Apr,2006,,,
4/18/2006,8.5,SU,Apr,2006,,,
4/18/2006,8.5,SU,Apr,2006,,,
4/18/2006,8.4,SU,Apr,2006,,,
5/2/2006,8.5,SU,May,2006,,,
5/2/2006,8.4,SU,May,2006,,,
5/2/2006,8.4,SU,May,2006,,,
5/2/2006,8.4,SU,May,2006,,,
5/2/2006,8.3,SU,May,2006,,,
5/2/2006,8.2,SU,May,2006,,,
5/2/2006,8,SU,May,2006,,,
5/2/2006,7.8,SU,May,2006,,,
5/2/2006,8.4,SU,May,2006,,,
5/10/2006,8.6,SU,May,2006,,,
5/10/2006,8.6,SU,May,2006,,,
5/10/2006,8.5,SU,May,2006,,,
5/10/2006,8.6,SU,May,2006,,,
5/10/2006,8.6,SU,May,2006,,,
5/10/2006,8.5,SU,May,2006,,,
5/10/2006,8.2,SU,May,2006,,,
5/10/2006,7.5,SU,May,2006,,,
5/10/2006,7.5,SU,May,2006,,,
6/6/2006,8.3,SU,Jun,2006,,,
6/6/2006,8.3,SU,Jun,2006,,,
6/6/2006,8.3,SU,Jun,2006,,,
6/6/2006,8.3,SU,Jun,2006,,,
6/6/2006,8.2,SU,Jun,2006,,,
6/6/2006,8,SU,Jun,2006,,,
6/6/2006,7.7,SU,Jun,2006,,,
6/6/2006,7.7,SU,Jun,2006,,,
6/6/2006,7.7,SU,Jun,2006,,,
6/20/2006,8,SU,Jun,2006,,,
6/20/2006,8,SU,Jun,2006,,,
6/20/2006,8,SU,Jun,2006,,,
6/20/2006,8,SU,Jun,2006,,,
6/20/2006,8,SU,Jun,2006,,,
6/20/2006,8,SU,Jun,2006,,,
6/20/2006,8,SU,Jun,2006,,,
6/20/2006,7.9,SU,Jun,2006,,,
7/11/2006,8.3,SU,Jul,2006,,,
7/11/2006,8.3,SU,Jul,2006,,,
7/11/2006,8.3,SU,Jul,2006,,,
7/11/2006,8.2,SU,Jul,2006,,,
7/11/2006,8.1,SU,Jul,2006,,,
7/11/2006,8,SU,Jul,2006,,,
7/11/2006,7.9,SU,Jul,2006,,,
7/11/2006,7.9,SU,Jul,2006,,,
7/20/2006,8.1,SU,Jul,2006,,,
7/20/2006,8.1,SU,Jul,2006,,,
7/20/2006,8.1,SU,Jul,2006,,,
7/20/2006,8.1,SU,Jul,2006,,,
7/20/2006,8.1,SU,Jul,2006,,,
7/20/2006,8,SU,Jul,2006,,,
7/20/2006,7.7,SU,Jul,2006,,,
7/20/2006,7.5,SU,Jul,2006,,,
7/20/2006,7.5,SU,Jul,2006,,,
8/2/2006,8.4,SU,Aug,2006,,,
8/2/2006,8.5,SU,Aug,2006,,,
8/2/2006,8.3,SU,Aug,2006,,,
8/2/2006,8.2,SU,Aug,2006,,,
8/2/2006,8.2,SU,Aug,2006,,,
8/2/2006,8.1,SU,Aug,2006,,,
8/2/2006,7.8,SU,Aug,2006,,,
8/2/2006,7.6,SU,Aug,2006,,,
8/2/2006,7.6,SU,Aug,2006,,,
8/15/2006,8.1,SU,Aug,2006,,,
8/15/2006,8.1,SU,Aug,2006,,,
8/15/2006,8.1,SU,Aug,2006,,,
8/15/2006,8,SU,Aug,2006,,,
8/15/2006,8,SU,Aug,2006,,,
8/15/2006,8,SU,Aug,2006,,,
8/15/2006,8,SU,Aug,2006,,,
8/15/2006,8,SU,Aug,2006,,,
9/7/2006,8.2,SU,Sep,2006,,,
9/7/2006,8.3,SU,Sep,2006,,,
9/7/2006,8.1,SU,Sep,2006,,,
9/7/2006,7.9,SU,Sep,2006,,,
9/7/2006,7.8,SU,Sep,2006,,,
9/7/2006,7.8,SU,Sep,2006,,,
9/7/2006,7.8,SU,Sep,2006,,,
9/7/2006,7.8,SU,Sep,2006,,,
9/7/2006,7.8,SU,Sep,2006,,,
9/19/2006,8.2,SU,Sep,2006,,,
9/19/2006,8.2,SU,Sep,2006,,,
9/19/2006,8.2,SU,Sep,2006,,,
9/19/2006,8.1,SU,Sep,2006,,,
9/19/2006,8.1,SU,Sep,2006,,,
9/19/2006,8.1,SU,Sep,2006,,,
9/19/2006,8.1,SU,Sep,2006,,,
9/19/2006,8.1,SU,Sep,2006,,,
10/4/2006,8.1,SU,Oct,2006,,,
10/4/2006,8.2,SU,Oct,2006,,,
10/4/2006,8.2,SU,Oct,2006,,,
10/4/2006,8.1,SU,Oct,2006,,,
10/4/2006,8.1,SU,Oct,2006,,,
10/4/2006,8.1,SU,Oct,2006,,,
10/4/2006,8.2,SU,Oct,2006,,,
10/4/2006,8.2,SU,Oct,2006,,,
10/4/2006,8.2,SU,Oct,2006,,,
11/28/2006,8.4,SU,Nov,2006,,,
11/28/2006,8.4,SU,Nov,2006,,,
11/28/2006,8.4,SU,Nov,2006,,,
11/28/2006,8.3,SU,Nov,2006,,,
11/28/2006,8.3,SU,Nov,2006,,,
11/28/2006,8.2,SU,Nov,2006,,,
11/28/2006,8.1,SU,Nov,2006,,,
11/28/2006,8.1,SU,Nov,2006,,,
12/12/2006,8.3,SU,Dec,2006,,,
12/12/2006,8.3,SU,Dec,2006,,,
12/12/2006,8.3,SU,Dec,2006,,,
12/12/2006,8.3,SU,Dec,2006,,,
12/12/2006,8.3,SU,Dec,2006,,,
12/12/2006,8.3,SU,Dec,2006,,,
12/12/2006,8.3,SU,Dec,2006,,,
12/12/2006,8.3,SU,Dec,2006,,,
1/11/2007,8.4,SU,Jan,2007,,,
1/11/2007,8.4,SU,Jan,2007,,,
1/11/2007,8.4,SU,Jan,2007,,,
1/11/2007,8.4,SU,Jan,2007,,,
1/11/2007,8.3,SU,Jan,2007,,,
1/11/2007,8.2,SU,Jan,2007,,,
1/11/2007,8.1,SU,Jan,2007,,,
1/11/2007,8.1,SU,Jan,2007,,,
2/27/2007,7.9,SU,Feb,2007,,,
2/27/2007,7.9,SU,Feb,2007,,,
2/27/2007,7.9,SU,Feb,2007,,,
2/27/2007,7.8,SU,Feb,2007,,,
2/27/2007,7.8,SU,Feb,2007,,,
2/27/2007,7.8,SU,Feb,2007,,,
2/27/2007,7.8,SU,Feb,2007,,,
3/13/2007,8.1,SU,Mar,2007,,,
3/13/2007,8.1,SU,Mar,2007,,,
3/13/2007,8.1,SU,Mar,2007,,,
3/13/2007,8.1,SU,Mar,2007,,,
3/13/2007,8.1,SU,Mar,2007,,,
3/13/2007,8.1,SU,Mar,2007,,,
3/13/2007,8,SU,Mar,2007,,,
3/13/2007,8,SU,Mar,2007,,,
4/3/2007,8.3,SU,Apr,2007,,,
4/3/2007,8.3,SU,Apr,2007,,,
4/3/2007,8.3,SU,Apr,2007,,,
4/3/2007,8.3,SU,Apr,2007,,,
4/3/2007,8.3,SU,Apr,2007,,,
4/3/2007,8.2,SU,Apr,2007,,,
4/3/2007,8,SU,Apr,2007,,,
4/3/2007,8,SU,Apr,2007,,,
4/3/2007,8,SU,Apr,2007,,,
4/10/2007,8.3,SU,Apr,2007,,,
4/10/2007,8.3,SU,Apr,2007,,,
4/10/2007,8.3,SU,Apr,2007,,,
4/10/2007,8.3,SU,Apr,2007,,,
4/10/2007,8.3,SU,Apr,2007,,,
4/10/2007,8.3,SU,Apr,2007,,,
4/10/2007,8.3,SU,Apr,2007,,,
4/10/2007,8.3,SU,Apr,2007,,,
5/3/2007,8.6,SU,May,2007,,,
5/3/2007,8.7,SU,May,2007,,,
5/3/2007,8.7,SU,May,2007,,,
5/3/2007,8.6,SU,May,2007,,,
5/3/2007,8.6,SU,May,2007,,,
5/3/2007,8.6,SU,May,2007,,,
5/3/2007,8.5,SU,May,2007,,,
5/3/2007,8.5,SU,May,2007,,,
5/3/2007,8.4,SU,May,2007,,,
5/8/2007,8.8,SU,May,2007,,,
5/8/2007,8.8,SU,May,2007,,,
5/8/2007,8.7,SU,May,2007,,,
5/8/2007,8.7,SU,May,2007,,,
5/8/2007,8.7,SU,May,2007,,,
5/8/2007,8.6,SU,May,2007,,,
5/8/2007,8.4,SU,May,2007,,,
5/8/2007,7.3,SU,May,2007,,,
5/8/2007,7.3,SU,May,2007,,,
6/7/2007,7.8,SU,Jun,2007,,,
6/7/2007,7.8,SU,Jun,2007,,,
6/7/2007,7.8,SU,Jun,2007,,,
6/7/2007,7.8,SU,Jun,2007,,,
6/7/2007,7.8,SU,Jun,2007,,,
6/7/2007,7.8,SU,Jun,2007,,,
6/7/2007,7.7,SU,Jun,2007,,,
6/7/2007,7.7,SU,Jun,2007,,,
6/7/2007,7.7,SU,Jun,2007,,,
7/10/2007,8.1,SU,Jul,2007,,,
7/10/2007,8.1,SU,Jul,2007,,,
7/10/2007,8,SU,Jul,2007,,,
7/10/2007,8,SU,Jul,2007,,,
7/10/2007,8,SU,Jul,2007,,,
7/10/2007,7.9,SU,Jul,2007,,,
7/10/2007,7.9,SU,Jul,2007,,,
7/10/2007,7.9,SU,Jul,2007,,,
7/18/2007,7.9,SU,Jul,2007,,,
7/18/2007,7.9,SU,Jul,2007,,,
7/18/2007,7.9,SU,Jul,2007,,,
7/18/2007,7.9,SU,Jul,2007,,,
7/18/2007,7.9,SU,Jul,2007,,,
7/18/2007,7.8,SU,Jul,2007,,,
7/18/2007,7.8,SU,Jul,2007,,,
7/18/2007,7.8,SU,Jul,2007,,,
7/18/2007,7.8,SU,Jul,2007,,,
8/2/2007,8.2,SU,Aug,2007,,,
8/2/2007,8.3,SU,Aug,2007,,,
8/2/2007,8.2,SU,Aug,2007,,,
8/2/2007,8.1,SU,Aug,2007,,,
8/2/2007,8.1,SU,Aug,2007,,,
8/2/2007,8.1,SU,Aug,2007,,,
8/2/2007,8,SU,Aug,2007,,,
8/2/2007,7.99,SU,Aug,2007,,,
8/2/2007,7.73,SU,Aug,2007,,,
8/23/2007,7.9,SU,Aug,2007,,,
8/23/2007,7.9,SU,Aug,2007,,,
8/23/2007,7.9,SU,Aug,2007,,,
8/23/2007,7.9,SU,Aug,2007,,,
8/23/2007,7.8,SU,Aug,2007,,,
8/23/2007,7.7,SU,Aug,2007,,,
8/23/2007,7.6,SU,Aug,2007,,,
8/23/2007,7.6,SU,Aug,2007,,,
9/5/2007,8,SU,Sep,2007,,,
9/5/2007,8.1,SU,Sep,2007,,,
9/5/2007,8,SU,Sep,2007,,,
9/5/2007,7.9,SU,Sep,2007,,,
9/5/2007,7.9,SU,Sep,2007,,,
9/5/2007,7.8,SU,Sep,2007,,,
9/5/2007,7.8,SU,Sep,2007,,,
9/5/2007,7.8,SU,Sep,2007,,,
9/5/2007,7.8,SU,Sep,2007,,,
9/18/2007,8,SU,Sep,2007,,,
9/18/2007,8,SU,Sep,2007,,,
9/18/2007,8,SU,Sep,2007,,,
9/18/2007,8,SU,Sep,2007,,,
9/18/2007,8,SU,Sep,2007,,,
9/18/2007,7.9,SU,Sep,2007,,,
9/18/2007,7.9,SU,Sep,2007,,,
9/18/2007,7.6,SU,Sep,2007,,,
9/18/2007,7.6,SU,Sep,2007,,,
10/16/2007,8,SU,Oct,2007,,,
10/16/2007,8,SU,Oct,2007,,,
10/16/2007,8,SU,Oct,2007,,,
10/16/2007,8,SU,Oct,2007,,,
10/16/2007,8,SU,Oct,2007,,,
10/16/2007,8,SU,Oct,2007,,,
10/16/2007,8,SU,Oct,2007,,,
10/16/2007,7.9,SU,Oct,2007,,,
10/22/2007,8,SU,Oct,2007,,,
10/22/2007,8,SU,Oct,2007,,,
10/22/2007,8,SU,Oct,2007,,,
10/22/2007,8,SU,Oct,2007,,,
10/22/2007,8,SU,Oct,2007,,,
10/22/2007,8,SU,Oct,2007,,,
10/22/2007,8,SU,Oct,2007,,,
10/22/2007,8,SU,Oct,2007,,,
10/22/2007,7.9,SU,Oct,2007,,,
11/13/2007,8.1,SU,Nov,2007,,,
11/13/2007,8.1,SU,Nov,2007,,,
11/13/2007,8.1,SU,Nov,2007,,,
11/13/2007,8.1,SU,Nov,2007,,,
11/13/2007,8.1,SU,Nov,2007,,,
11/13/2007,8.1,SU,Nov,2007,,,
11/13/2007,8,SU,Nov,2007,,,
11/13/2007,8,SU,Nov,2007,,,
12/11/2007,8.2,SU,Dec,2007,,,
12/11/2007,8.2,SU,Dec,2007,,,
12/11/2007,8.2,SU,Dec,2007,,,
12/11/2007,8.2,SU,Dec,2007,,,
12/11/2007,8.2,SU,Dec,2007,,,
12/11/2007,8.1,SU,Dec,2007,,,
12/11/2007,8.1,SU,Dec,2007,,,
12/11/2007,8.1,SU,Dec,2007,,,
1/16/2008,8.2,SU,Jan,2008,,,
1/16/2008,8.2,SU,Jan,2008,,,
1/16/2008,8.2,SU,Jan,2008,,,
1/16/2008,8.2,SU,Jan,2008,,,
1/16/2008,8.2,SU,Jan,2008,,,
1/16/2008,8.2,SU,Jan,2008,,,
1/16/2008,8.2,SU,Jan,2008,,,
1/16/2008,8.1,SU,Jan,2008,,,
2/18/2008,7.8,SU,Feb,2008,,,
2/18/2008,7.8,SU,Feb,2008,,,
2/18/2008,7.8,SU,Feb,2008,,,
2/18/2008,7.8,SU,Feb,2008,,,
2/18/2008,7.8,SU,Feb,2008,,,
2/18/2008,7.8,SU,Feb,2008,,,
2/18/2008,7.7,SU,Feb,2008,,,
2/18/2008,7.7,SU,Feb,2008,,,
3/18/2008,8.1,SU,Mar,2008,,,
3/18/2008,8.1,SU,Mar,2008,,,
3/18/2008,8.1,SU,Mar,2008,,,
3/18/2008,8.1,SU,Mar,2008,,,
3/18/2008,8,SU,Mar,2008,,,
3/18/2008,7.9,SU,Mar,2008,,,
3/18/2008,7.9,SU,Mar,2008,,,
3/18/2008,7.9,SU,Mar,2008,,,
4/7/2008,7.9,SU,Apr,2008,,,
4/7/2008,8,SU,Apr,2008,,,
4/7/2008,8,SU,Apr,2008,,,
4/7/2008,8,SU,Apr,2008,,,
4/7/2008,8,SU,Apr,2008,,,
4/7/2008,7.9,SU,Apr,2008,,,
4/7/2008,7.9,SU,Apr,2008,,,
4/7/2008,7.8,SU,Apr,2008,,,
4/7/2008,7.7,SU,Apr,2008,,,
4/15/2008,8.2,SU,Apr,2008,,,
4/15/2008,8.2,SU,Apr,2008,,,
4/15/2008,8.2,SU,Apr,2008,,,
4/15/2008,8.2,SU,Apr,2008,,,
4/15/2008,8.2,SU,Apr,2008,,,
4/15/2008,8.1,SU,Apr,2008,,,
4/15/2008,7.9,SU,Apr,2008,,,
4/15/2008,7.6,SU,Apr,2008,,,
4/15/2008,7.6,SU,Apr,2008,,,
5/5/2008,8.5,SU,May,2008,,,
5/5/2008,8.5,SU,May,2008,,,
5/5/2008,8.4,SU,May,2008,,,
5/5/2008,8.4,SU,May,2008,,,
5/5/2008,8.4,SU,May,2008,,,
5/5/2008,8.4,SU,May,2008,,,
5/5/2008,8.4,SU,May,2008,,,
5/5/2008,8.4,SU,May,2008,,,
5/15/2008,8.3,SU,May,2008,,,
5/15/2008,8.4,SU,May,2008,,,
5/15/2008,8.4,SU,May,2008,,,
5/15/2008,8.3,SU,May,2008,,,
5/15/2008,8.3,SU,May,2008,,,
5/15/2008,8.2,SU,May,2008,,,
5/15/2008,7.9,SU,May,2008,,,
5/15/2008,7.7,SU,May,2008,,,
6/5/2008,7.7,SU,Jun,2008,,,
6/5/2008,7.7,SU,Jun,2008,,,
6/5/2008,7.7,SU,Jun,2008,,,
6/5/2008,7.7,SU,Jun,2008,,,
6/5/2008,7.7,SU,Jun,2008,,,
6/5/2008,7.6,SU,Jun,2008,,,
6/5/2008,7.6,SU,Jun,2008,,,
6/5/2008,7.6,SU,Jun,2008,,,
6/5/2008,7.6,SU,Jun,2008,,,
6/10/2008,7.6,SU,Jun,2008,,,
6/10/2008,7.6,SU,Jun,2008,,,
6/10/2008,7.5,SU,Jun,2008,,,
6/10/2008,7.5,SU,Jun,2008,,,
6/10/2008,7.5,SU,Jun,2008,,,
6/10/2008,7.5,SU,Jun,2008,,,
6/10/2008,7.5,SU,Jun,2008,,,
6/10/2008,7.5,SU,Jun,2008,,,
7/1/2008,7.8,SU,Jul,2008,,,
7/1/2008,7.9,SU,Jul,2008,,,
7/1/2008,7.9,SU,Jul,2008,,,
7/1/2008,7.8,SU,Jul,2008,,,
7/1/2008,7.8,SU,Jul,2008,,,
7/1/2008,7.8,SU,Jul,2008,,,
7/1/2008,7.8,SU,Jul,2008,,,
7/1/2008,7.7,SU,Jul,2008,,,
7/1/2008,7.7,SU,Jul,2008,,,
7/8/2008,7.7,SU,Jul,2008,,,
7/8/2008,7.8,SU,Jul,2008,,,
7/8/2008,7.8,SU,Jul,2008,,,
7/8/2008,7.8,SU,Jul,2008,,,
7/8/2008,7.8,SU,Jul,2008,,,
7/8/2008,7.8,SU,Jul,2008,,,
7/8/2008,7.7,SU,Jul,2008,,,
7/8/2008,7.8,SU,Jul,2008,,,
8/5/2008,8.1,SU,Aug,2008,,,
8/5/2008,8.2,SU,Aug,2008,,,
8/5/2008,8.1,SU,Aug,2008,,,
8/5/2008,8,SU,Aug,2008,,,
8/5/2008,7.9,SU,Aug,2008,,,
8/5/2008,7.8,SU,Aug,2008,,,
8/5/2008,7.8,SU,Aug,2008,,,
8/5/2008,7.5,SU,Aug,2008,,,
8/5/2008,7.5,SU,Aug,2008,,,
8/12/2008,7.5,SU,Aug,2008,,,
8/12/2008,8.1,SU,Aug,2008,,,
8/12/2008,8.1,SU,Aug,2008,,,
8/12/2008,8.1,SU,Aug,2008,,,
8/12/2008,8.1,SU,Aug,2008,,,
8/12/2008,7.9,SU,Aug,2008,,,
8/12/2008,7.8,SU,Aug,2008,,,
8/12/2008,7.8,SU,Aug,2008,,,
9/2/2008,8.1,SU,Sep,2008,,,
9/2/2008,8.1,SU,Sep,2008,,,
9/2/2008,8.1,SU,Sep,2008,,,
9/2/2008,8,SU,Sep,2008,,,
9/2/2008,8,SU,Sep,2008,,,
9/2/2008,7.8,SU,Sep,2008,,,
9/2/2008,7.7,SU,Sep,2008,,,
9/2/2008,7.7,SU,Sep,2008,,,
9/2/2008,7.7,SU,Sep,2008,,,
9/16/2008,7.9,SU,Sep,2008,,,
9/16/2008,7.9,SU,Sep,2008,,,
9/16/2008,7.9,SU,Sep,2008,,,
9/16/2008,7.9,SU,Sep,2008,,,
9/16/2008,7.8,SU,Sep,2008,,,
9/16/2008,7.8,SU,Sep,2008,,,
9/16/2008,7.8,SU,Sep,2008,,,
9/16/2008,7.8,SU,Sep,2008,,,
10/7/2008,8,SU,Oct,2008,,,
10/7/2008,8.1,SU,Oct,2008,,,
10/7/2008,8.1,SU,Oct,2008,,,
10/7/2008,8.1,SU,Oct,2008,,,
10/7/2008,8.1,SU,Oct,2008,,,
10/7/2008,8.1,SU,Oct,2008,,,
10/7/2008,8,SU,Oct,2008,,,
10/7/2008,7.9,SU,Oct,2008,,,
10/7/2008,7.9,SU,Oct,2008,,,
10/21/2008,8,SU,Oct,2008,,,
10/21/2008,8,SU,Oct,2008,,,
10/21/2008,8,SU,Oct,2008,,,
10/21/2008,7.9,SU,Oct,2008,,,
10/21/2008,7.9,SU,Oct,2008,,,
10/21/2008,7.9,SU,Oct,2008,,,
10/21/2008,7.8,SU,Oct,2008,,,
10/21/2008,7.7,SU,Oct,2008,,,
10/21/2008,7.7,SU,Oct,2008,,,
11/25/2008,8,SU,Nov,2008,,,
11/25/2008,8,SU,Nov,2008,,,
11/25/2008,8,SU,Nov,2008,,,
11/25/2008,8,SU,Nov,2008,,,
11/25/2008,8,SU,Nov,2008,,,
11/25/2008,8,SU,Nov,2008,,,
11/25/2008,8,SU,Nov,2008,,,
11/25/2008,8,SU,Nov,2008,,,
12/17/2008,8,SU,Dec,2008,,,
12/17/2008,8,SU,Dec,2008,,,
12/17/2008,8,SU,Dec,2008,,,
12/17/2008,8,SU,Dec,2008,,,
12/17/2008,8,SU,Dec,2008,,,
12/17/2008,8,SU,Dec,2008,,,
12/17/2008,8,SU,Dec,2008,,,
12/17/2008,8,SU,Dec,2008,,,
1/27/2009,8.2,SU,Jan,2009,,,
1/27/2009,8.2,SU,Jan,2009,,,
1/27/2009,8.2,SU,Jan,2009,,,
1/27/2009,8.2,SU,Jan,2009,,,
1/27/2009,8.1,SU,Jan,2009,,,
1/27/2009,8.1,SU,Jan,2009,,,
1/27/2009,8,SU,Jan,2009,,,
1/27/2009,7.9,SU,Jan,2009,,,
2/11/2009,8.2,SU,Feb,2009,,,
2/11/2009,8.2,SU,Feb,2009,,,
2/11/2009,8.2,SU,Feb,2009,,,
2/11/2009,8.2,SU,Feb,2009,,,
2/11/2009,8.2,SU,Feb,2009,,,
2/11/2009,8.2,SU,Feb,2009,,,
2/11/2009,8.1,SU,Feb,2009,,,
2/11/2009,8.1,SU,Feb,2009,,,
3/17/2009,8,SU,Mar,2009,,,
3/17/2009,8,SU,Mar,2009,,,
3/17/2009,8,SU,Mar,2009,,,
3/17/2009,8,SU,Mar,2009,,,
3/17/2009,8,SU,Mar,2009,,,
3/17/2009,8,SU,Mar,2009,,,
3/17/2009,7.9,SU,Mar,2009,,,
3/17/2009,7.9,SU,Mar,2009,,,
4/16/2009,8.2,SU,Apr,2009,,,
4/16/2009,8.2,SU,Apr,2009,,,
4/16/2009,7.6,SU,Apr,2009,,,
4/16/2009,7.5,SU,Apr,2009,,,
4/16/2009,7.5,SU,Apr,2009,,,
4/16/2009,8.1,SU,Apr,2009,,,
4/16/2009,8.1,SU,Apr,2009,,,
4/16/2009,8.1,SU,Apr,2009,,,
4/16/2009,8.2,SU,Apr,2009,,,
5/12/2009,8.7,SU,May,2009,,,
5/12/2009,8.7,SU,May,2009,,,
5/12/2009,8.7,SU,May,2009,,,
5/12/2009,8.7,SU,May,2009,,,
5/12/2009,8.6,SU,May,2009,,,
5/12/2009,8.6,SU,May,2009,,,
5/12/2009,8.3,SU,May,2009,,,
5/12/2009,8.3,SU,May,2009,,,
6/16/2009,8,SU,Jun,2009,,,
6/16/2009,8,SU,Jun,2009,,,
6/16/2009,8,SU,Jun,2009,,,
6/16/2009,8,SU,Jun,2009,,,
6/16/2009,8,SU,Jun,2009,,,
6/16/2009,7.9,SU,Jun,2009,,,
6/16/2009,7.7,SU,Jun,2009,,,
6/16/2009,7.8,SU,Jun,2009,,,
7/14/2009,7.9,SU,Jul,2009,,,
7/14/2009,8,SU,Jul,2009,,,
7/14/2009,7.9,SU,Jul,2009,,,
7/14/2009,7.9,SU,Jul,2009,,,
7/14/2009,7.9,SU,Jul,2009,,,
7/14/2009,7.9,SU,Jul,2009,,,
7/14/2009,7.9,SU,Jul,2009,,,
7/14/2009,7.8,SU,Jul,2009,,,
8/11/2009,8,SU,Aug,2009,,,
8/11/2009,8,SU,Aug,2009,,,
8/11/2009,8,SU,Aug,2009,,,
8/11/2009,7.9,SU,Aug,2009,,,
8/11/2009,7.9,SU,Aug,2009,,,
8/11/2009,7.9,SU,Aug,2009,,,
8/11/2009,7.9,SU,Aug,2009,,,
8/11/2009,7.9,SU,Aug,2009,,,
9/15/2009,8.4,SU,Sep,2009,,,
9/15/2009,8.3,SU,Sep,2009,,,
9/15/2009,8.2,SU,Sep,2009,,,
9/15/2009,8.2,SU,Sep,2009,,,
9/15/2009,8.1,SU,Sep,2009,,,
9/15/2009,8.1,SU,Sep,2009,,,
9/15/2009,8.1,SU,Sep,2009,,,
9/15/2009,8.1,SU,Sep,2009,,,
10/20/2009,8,SU,Oct,2009,,,
10/20/2009,8,SU,Oct,2009,,,
10/20/2009,8,SU,Oct,2009,,,
10/20/2009,7.9,SU,Oct,2009,,,
10/20/2009,7.9,SU,Oct,2009,,,
10/20/2009,7.9,SU,Oct,2009,,,
10/20/2009,7.9,SU,Oct,2009,,,
10/20/2009,7.9,SU,Oct,2009,,,
11/17/2009,8,SU,Nov,2009,,,
11/17/2009,8,SU,Nov,2009,,,
11/17/2009,8,SU,Nov,2009,,,
11/17/2009,7.9,SU,Nov,2009,,,
11/17/2009,7.9,SU,Nov,2009,,,
11/17/2009,7.9,SU,Nov,2009,,,
11/17/2009,7.8,SU,Nov,2009,,,
11/17/2009,7.8,SU,Nov,2009,,,
12/8/2009,8,SU,Dec,2009,,,
12/8/2009,8,SU,Dec,2009,,,
12/8/2009,8,SU,Dec,2009,,,
12/8/2009,7.9,SU,Dec,2009,,,
12/8/2009,7.9,SU,Dec,2009,,,
12/8/2009,7.9,SU,Dec,2009,,,
12/8/2009,7.9,SU,Dec,2009,,,
12/8/2009,7.9,SU,Dec,2009,,,
1/13/2010,8.1,SU,Jan,2010,,,
1/13/2010,8.1,SU,Jan,2010,,,
1/13/2010,8,SU,Jan,2010,,,
1/13/2010,8,SU,Jan,2010,,,
1/13/2010,8,SU,Jan,2010,,,
1/13/2010,8,SU,Jan,2010,,,
1/13/2010,8,SU,Jan,2010,,,
1/13/2010,8,SU,Jan,2010,,,
2/23/2010,8.1,SU,Feb,2010,,,
2/23/2010,8.1,SU,Feb,2010,,,
2/23/2010,8.1,SU,Feb,2010,,,
2/23/2010,8.1,SU,Feb,2010,,,
2/23/2010,8.1,SU,Feb,2010,,,
2/23/2010,8.1,SU,Feb,2010,,,
2/23/2010,8,SU,Feb,2010,,,
2/23/2010,8,SU,Feb,2010,,,
3/18/2010,8.4,SU,Mar,2010,,,
3/18/2010,8.4,SU,Mar,2010,,,
3/18/2010,8.4,SU,Mar,2010,,,
3/18/2010,8.3,SU,Mar,2010,,,
3/18/2010,8.3,SU,Mar,2010,,,
3/18/2010,8.3,SU,Mar,2010,,,
3/18/2010,8.1,SU,Mar,2010,,,
3/18/2010,8,SU,Mar,2010,,,
4/13/2010,8.3,SU,Apr,2010,,,
4/13/2010,8.3,SU,Apr,2010,,,
4/13/2010,8.4,SU,Apr,2010,,,
4/13/2010,8.5,SU,Apr,2010,,,
4/13/2010,8.5,SU,Apr,2010,,,
4/13/2010,8.4,SU,Apr,2010,,,
4/13/2010,8.3,SU,Apr,2010,,,
4/13/2010,8.2,SU,Apr,2010,,,
5/11/2010,8.3,SU,May,2010,,,
5/11/2010,8.3,SU,May,2010,,,
5/11/2010,8.3,SU,May,2010,,,
5/11/2010,8.3,SU,May,2010,,,
5/11/2010,8.3,SU,May,2010,,,
5/11/2010,8.3,SU,May,2010,,,
5/11/2010,8.3,SU,May,2010,,,
5/11/2010,8.2,SU,May,2010,,,
6/21/2010,8.1,SU,Jun,2010,,,
6/21/2010,8.1,SU,Jun,2010,,,
6/21/2010,8.1,SU,Jun,2010,,,
6/21/2010,8,SU,Jun,2010,,,
6/21/2010,7.8,SU,Jun,2010,,,
6/21/2010,7.8,SU,Jun,2010,,,
6/21/2010,7.8,SU,Jun,2010,,,
6/21/2010,7.8,SU,Jun,2010,,,
7/13/2010,8,SU,Jul,2010,,,
7/13/2010,7.9,SU,Jul,2010,,,
7/13/2010,7.8,SU,Jul,2010,,,
7/13/2010,7.8,SU,Jul,2010,,,
7/13/2010,7.8,SU,Jul,2010,,,
7/13/2010,7.7,SU,Jul,2010,,,
7/13/2010,7.7,SU,Jul,2010,,,
7/13/2010,7.7,SU,Jul,2010,,,
8/24/2010,8.1,SU,Aug,2010,,,
8/24/2010,8.1,SU,Aug,2010,,,
8/24/2010,8.1,SU,Aug,2010,,,
8/24/2010,8.1,SU,Aug,2010,,,
8/24/2010,8.1,SU,Aug,2010,,,
8/24/2010,8.1,SU,Aug,2010,,,
8/24/2010,8,SU,Aug,2010,,,
8/24/2010,8,SU,Aug,2010,,,
10/19/2010,8.2,SU,Oct,2010,,,
10/19/2010,8.2,SU,Oct,2010,,,
10/19/2010,8.2,SU,Oct,2010,,,
10/19/2010,8.1,SU,Oct,2010,,,
10/19/2010,8.1,SU,Oct,2010,,,
10/19/2010,8.1,SU,Oct,2010,,,
10/19/2010,8,SU,Oct,2010,,,
10/19/2010,8,SU,Oct,2010,,,
11/16/2010,8.2,SU,Nov,2010,,,
11/16/2010,8.2,SU,Nov,2010,,,
11/16/2010,8.2,SU,Nov,2010,,,
11/16/2010,8.2,SU,Nov,2010,,,
11/16/2010,8.2,SU,Nov,2010,,,
11/16/2010,8.1,SU,Nov,2010,,,
11/16/2010,8.1,SU,Nov,2010,,,
11/16/2010,8.1,SU,Nov,2010,,,
1/19/2011,8.1,SU,Jan,2011,,,
1/19/2011,8.1,SU,Jan,2011,,,
1/19/2011,8.1,SU,Jan,2011,,,
1/19/2011,8.1,SU,Jan,2011,,,
1/19/2011,8.1,SU,Jan,2011,,,
1/19/2011,8.1,SU,Jan,2011,,,
1/19/2011,8,SU,Jan,2011,,,
1/19/2011,8,SU,Jan,2011,,,
1/19/2011,8,SU,Jan,2011,,,
2/9/2011,8.4,SU,Feb,2011,,,
2/9/2011,8.4,SU,Feb,2011,,,
2/9/2011,8.4,SU,Feb,2011,,,
2/9/2011,8.4,SU,Feb,2011,,,
2/9/2011,8.4,SU,Feb,2011,,,
2/9/2011,8.3,SU,Feb,2011,,,
2/9/2011,8.3,SU,Feb,2011,,,
2/9/2011,8.2,SU,Feb,2011,,,
3/15/2011,8.3,SU,Mar,2011,,,
3/15/2011,8.3,SU,Mar,2011,,,
3/15/2011,8.3,SU,Mar,2011,,,
3/15/2011,8.3,SU,Mar,2011,,,
3/15/2011,8.3,SU,Mar,2011,,,
3/15/2011,8.3,SU,Mar,2011,,,
3/15/2011,8.3,SU,Mar,2011,,,
3/15/2011,8.3,SU,Mar,2011,,,
4/12/2011,8.3,SU,Apr,2011,,,
4/12/2011,8.3,SU,Apr,2011,,,
4/12/2011,8.3,SU,Apr,2011,,,
4/12/2011,8.3,SU,Apr,2011,,,
4/12/2011,8.3,SU,Apr,2011,,,
4/12/2011,8.3,SU,Apr,2011,,,
4/12/2011,8.3,SU,Apr,2011,,,
4/12/2011,8.3,SU,Apr,2011,,,
5/10/2011,8.6,SU,May,2011,,,
5/10/2011,8.6,SU,May,2011,,,
5/10/2011,8.6,SU,May,2011,,,
5/10/2011,8.6,SU,May,2011,,,
5/10/2011,8.6,SU,May,2011,,,
5/10/2011,8.6,SU,May,2011,,,
5/10/2011,8.4,SU,May,2011,,,
5/10/2011,8,SU,May,2011,,,
6/7/2011,8.5,SU,Jun,2011,,,
6/7/2011,8.4,SU,Jun,2011,,,
6/7/2011,8.4,SU,Jun,2011,,,
6/7/2011,8.4,SU,Jun,2011,,,
6/7/2011,8.3,SU,Jun,2011,,,
6/7/2011,8,SU,Jun,2011,,,
6/7/2011,7.8,SU,Jun,2011,,,
6/7/2011,7.3,SU,Jun,2011,,,
6/7/2011,7.3,SU,Jun,2011,,,
7/13/2011,8.2,SU,Jul,2011,,,
7/13/2011,8.2,SU,Jul,2011,,,
7/13/2011,8.1,SU,Jul,2011,,,
7/13/2011,8.1,SU,Jul,2011,,,
7/13/2011,8,SU,Jul,2011,,,
7/13/2011,8,SU,Jul,2011,,,
7/13/2011,7.9,SU,Jul,2011,,,
7/13/2011,7.8,SU,Jul,2011,,,
8/9/2011,8.2,SU,Aug,2011,,,
8/9/2011,8.2,SU,Aug,2011,,,
8/9/2011,8.2,SU,Aug,2011,,,
8/9/2011,8.1,SU,Aug,2011,,,
8/9/2011,8,SU,Aug,2011,,,
8/9/2011,7.9,SU,Aug,2011,,,
8/9/2011,7.9,SU,Aug,2011,,,
8/9/2011,7.9,SU,Aug,2011,,,
9/20/2011,8,SU,Sep,2011,,,
9/20/2011,8,SU,Sep,2011,,,
9/20/2011,8,SU,Sep,2011,,,
9/20/2011,7.9,SU,Sep,2011,,,
9/20/2011,7.9,SU,Sep,2011,,,
9/20/2011,7.9,SU,Sep,2011,,,
9/20/2011,7.7,SU,Sep,2011,,,
9/20/2011,7.6,SU,Sep,2011,,,
9/20/2011,7.5,SU,Sep,2011,,,
10/18/2011,8.3,SU,Oct,2011,,,
10/18/2011,8.3,SU,Oct,2011,,,
10/18/2011,8.1,SU,Oct,2011,,,
10/18/2011,8,SU,Oct,2011,,,
10/18/2011,8,SU,Oct,2011,,,
10/18/2011,8,SU,Oct,2011,,,
10/18/2011,7.9,SU,Oct,2011,,,
10/18/2011,7.8,SU,Oct,2011,,,
11/15/2011,7.7,SU,Nov,2011,,,
11/15/2011,7.7,SU,Nov,2011,,,
11/15/2011,7.7,SU,Nov,2011,,,
11/15/2011,7.7,SU,Nov,2011,,,
11/15/2011,7.7,SU,Nov,2011,,,
11/15/2011,7.7,SU,Nov,2011,,,
11/15/2011,7.7,SU,Nov,2011,,,
11/15/2011,7.7,SU,Nov,2011,,,
12/13/2011,8,SU,Dec,2011,,,
12/13/2011,8,SU,Dec,2011,,,
12/13/2011,8,SU,Dec,2011,,,
12/13/2011,8,SU,Dec,2011,,,
12/13/2011,7.9,SU,Dec,2011,,,
12/13/2011,7.9,SU,Dec,2011,,,
12/13/2011,7.9,SU,Dec,2011,,,
12/13/2011,7.6,SU,Dec,2011,,,
12/13/2011,7.6,SU,Dec,2011,,,
1/11/2012,8,SU,Jan,2012,,,
1/11/2012,8,SU,Jan,2012,,,
1/11/2012,8,SU,Jan,2012,,,
1/11/2012,8,SU,Jan,2012,,,
1/11/2012,8,SU,Jan,2012,,,
1/11/2012,8,SU,Jan,2012,,,
1/11/2012,7.9,SU,Jan,2012,,,
1/11/2012,7.9,SU,Jan,2012,,,
2/15/2012,7.8,SU,Feb,2012,,,
2/15/2012,7.8,SU,Feb,2012,,,
2/15/2012,7.8,SU,Feb,2012,,,
2/15/2012,7.8,SU,Feb,2012,,,
2/15/2012,7.8,SU,Feb,2012,,,
2/15/2012,7.8,SU,Feb,2012,,,
2/15/2012,7.8,SU,Feb,2012,,,
2/15/2012,7.8,SU,Feb,2012,,,
3/13/2012,8.1,SU,Mar,2012,,,
3/13/2012,8.1,SU,Mar,2012,,,
3/13/2012,8.1,SU,Mar,2012,,,
3/13/2012,8,SU,Mar,2012,,,
3/13/2012,8,SU,Mar,2012,,,
3/13/2012,7.9,SU,Mar,2012,,,
3/13/2012,7.8,SU,Mar,2012,,,
3/13/2012,7.6,SU,Mar,2012,,,
4/17/2012,8,SU,Apr,2012,,,
4/17/2012,8,SU,Apr,2012,,,
4/17/2012,8,SU,Apr,2012,,,
4/17/2012,8,SU,Apr,2012,,,
4/17/2012,7.9,SU,Apr,2012,,,
4/17/2012,8,SU,Apr,2012,,,
4/17/2012,8,SU,Apr,2012,,,
4/17/2012,7.9,SU,Apr,2012,,,
5/16/2012,7.7,SU,May,2012,,,
5/16/2012,7.7,SU,May,2012,,,
5/16/2012,7.7,SU,May,2012,,,
5/16/2012,7.7,SU,May,2012,,,
5/16/2012,7.7,SU,May,2012,,,
5/16/2012,7.5,SU,May,2012,,,
5/16/2012,7.4,SU,May,2012,,,
5/16/2012,7.4,SU,May,2012,,,
6/5/2012,7.8,SU,Jun,2012,,,
6/5/2012,7.8,SU,Jun,2012,,,
6/5/2012,7.8,SU,Jun,2012,,,
6/5/2012,7.8,SU,Jun,2012,,,
6/5/2012,7.8,SU,Jun,2012,,,
6/5/2012,7.7,SU,Jun,2012,,,
6/5/2012,7.7,SU,Jun,2012,,,
6/5/2012,7.5,SU,Jun,2012,,,
6/5/2012,7.5,SU,Jun,2012,,,
7/24/2012,7.9,SU,Jul,2012,,,
7/24/2012,7.9,SU,Jul,2012,,,
7/24/2012,7.9,SU,Jul,2012,,,
7/24/2012,7.9,SU,Jul,2012,,,
7/24/2012,7.9,SU,Jul,2012,,,
7/24/2012,7.9,SU,Jul,2012,,,
7/24/2012,7.9,SU,Jul,2012,,,
7/24/2012,7.9,SU,Jul,2012,,,
8/21/2012,8.2,SU,Aug,2012,,,
8/21/2012,8.2,SU,Aug,2012,,,
8/21/2012,8.2,SU,Aug,2012,,,
8/21/2012,8.2,SU,Aug,2012,,,
8/21/2012,8.2,SU,Aug,2012,,,
8/21/2012,8.1,SU,Aug,2012,,,
8/21/2012,8.1,SU,Aug,2012,,,
8/21/2012,8.1,SU,Aug,2012,,,
9/20/2012,8,SU,Sep,2012,,,
9/20/2012,8,SU,Sep,2012,,,
9/20/2012,8,SU,Sep,2012,,,
9/20/2012,8,SU,Sep,2012,,,
9/20/2012,8,SU,Sep,2012,,,
9/20/2012,8,SU,Sep,2012,,,
9/20/2012,8,SU,Sep,2012,,,
9/20/2012,7.9,SU,Sep,2012,,,
10/16/2012,8.2,SU,Oct,2012,,,
10/16/2012,8.2,SU,Oct,2012,,,
10/16/2012,8.2,SU,Oct,2012,,,
10/16/2012,8.2,SU,Oct,2012,,,
10/16/2012,8.2,SU,Oct,2012,,,
10/16/2012,8.2,SU,Oct,2012,,,
10/16/2012,8.1,SU,Oct,2012,,,
11/15/2012,8.3,SU,Nov,2012,,,
11/15/2012,8.3,SU,Nov,2012,,,
11/15/2012,8.3,SU,Nov,2012,,,
11/15/2012,8.3,SU,Nov,2012,,,
11/15/2012,8.2,SU,Nov,2012,,,
11/15/2012,8.2,SU,Nov,2012,,,
11/15/2012,8.1,SU,Nov,2012,,,
11/15/2012,8.1,SU,Nov,2012,,,
11/15/2012,8.1,SU,Nov,2012,,,
12/11/2012,8.5,SU,Dec,2012,,,
12/11/2012,8.5,SU,Dec,2012,,,
12/11/2012,8.5,SU,Dec,2012,,,
12/11/2012,8.5,SU,Dec,2012,,,
12/11/2012,8.5,SU,Dec,2012,,,
12/11/2012,8.5,SU,Dec,2012,,,
12/11/2012,8.5,SU,Dec,2012,,,
12/11/2012,8.5,SU,Dec,2012,,,
1/17/2013,8.3,SU,Jan,2013,,,
1/17/2013,8.3,SU,Jan,2013,,,
1/17/2013,8.3,SU,Jan,2013,,,
1/17/2013,8.3,SU,Jan,2013,,,
1/17/2013,8.3,SU,Jan,2013,,,
1/17/2013,8.2,SU,Jan,2013,,,
1/17/2013,8.2,SU,Jan,2013,,,
1/17/2013,8.2,SU,Jan,2013,,,
2/13/2013,8.2,SU,Feb,2013,,,
2/13/2013,8.2,SU,Feb,2013,,,
2/13/2013,8.2,SU,Feb,2013,,,
2/13/2013,8.2,SU,Feb,2013,,,
2/13/2013,8.2,SU,Feb,2013,,,
2/13/2013,8.2,SU,Feb,2013,,,
2/13/2013,8.2,SU,Feb,2013,,,
2/13/2013,8.1,SU,Feb,2013,,,
3/20/2013,8.3,SU,Mar,2013,,,
3/20/2013,8.3,SU,Mar,2013,,,
3/20/2013,8.3,SU,Mar,2013,,,
3/20/2013,8.3,SU,Mar,2013,,,
3/20/2013,8.2,SU,Mar,2013,,,
3/20/2013,8.2,SU,Mar,2013,,,
3/20/2013,8.2,SU,Mar,2013,,,
3/20/2013,8.2,SU,Mar,2013,,,
4/15/2013,8.9,SU,Apr,2013,,,
4/15/2013,8.9,SU,Apr,2013,,,
4/15/2013,8.9,SU,Apr,2013,,,
4/15/2013,8.9,SU,Apr,2013,,,
4/15/2013,8.9,SU,Apr,2013,,,
4/15/2013,8.8,SU,Apr,2013,,,
4/15/2013,8.7,SU,Apr,2013,,,
4/15/2013,8.7,SU,Apr,2013,,,
5/14/2013,8.8,SU,May,2013,,,
5/14/2013,8.8,SU,May,2013,,,
5/14/2013,8.7,SU,May,2013,,,
5/14/2013,8.6,SU,May,2013,,,
5/14/2013,8.5,SU,May,2013,,,
5/14/2013,8.4,SU,May,2013,,,
5/14/2013,8.2,SU,May,2013,,,
5/14/2013,8.2,SU,May,2013,,,
6/3/2013,8,SU,Jun,2013,,,
6/3/2013,7.9,SU,Jun,2013,,,
6/3/2013,7.9,SU,Jun,2013,,,
6/3/2013,7.9,SU,Jun,2013,,,
6/3/2013,7.9,SU,Jun,2013,,,
6/3/2013,7.8,SU,Jun,2013,,,
6/3/2013,7.8,SU,Jun,2013,,,
6/3/2013,7.8,SU,Jun,2013,,,
7/18/2013,8.1,SU,Jul,2013,,,
7/18/2013,7.7,SU,Jul,2013,,,
7/18/2013,8,SU,Jul,2013,,,
7/18/2013,8.3,SU,Jul,2013,,,
7/18/2013,8.2,SU,Jul,2013,,,
7/18/2013,8.1,SU,Jul,2013,,,
7/18/2013,7.8,SU,Jul,2013,,,
7/18/2013,8.3,SU,Jul,2013,,,
8/15/2013,8.1,SU,Aug,2013,,,
8/15/2013,7.6,SU,Aug,2013,,,
8/15/2013,7.6,SU,Aug,2013,,,
8/15/2013,8.1,SU,Aug,2013,,,
8/15/2013,8.1,SU,Aug,2013,,,
8/15/2013,8.1,SU,Aug,2013,,,
8/15/2013,8,SU,Aug,2013,,,
8/15/2013,7.7,SU,Aug,2013,,,
8/15/2013,8.1,SU,Aug,2013,,,
9/19/2013,8,SU,Sep,2013,,,
9/19/2013,7.9,SU,Sep,2013,,,
9/19/2013,8,SU,Sep,2013,,,
9/19/2013,8.1,SU,Sep,2013,,,
9/19/2013,8.1,SU,Sep,2013,,,
9/19/2013,8,SU,Sep,2013,,,
9/19/2013,7.9,SU,Sep,2013,,,
9/19/2013,8.1,SU,Sep,2013,,,
10/16/2013,8,SU,Oct,2013,,,
10/16/2013,7.8,SU,Oct,2013,,,
10/16/2013,8,SU,Oct,2013,,,
10/16/2013,8,SU,Oct,2013,,,
10/16/2013,8,SU,Oct,2013,,,
10/16/2013,7.9,SU,Oct,2013,,,
10/16/2013,7.8,SU,Oct,2013,,,
10/16/2013,8,SU,Oct,2013,,,
11/21/2013,8.1,SU,Nov,2013,,,
11/21/2013,8.1,SU,Nov,2013,,,
11/21/2013,8.1,SU,Nov,2013,,,
11/21/2013,8.1,SU,Nov,2013,,,
11/21/2013,8.1,SU,Nov,2013,,,
11/21/2013,8.1,SU,Nov,2013,,,
11/21/2013,8.1,SU,Nov,2013,,,
11/21/2013,8.1,SU,Nov,2013,,,
12/10/2013,8.1,SU,Dec,2013,,,
12/10/2013,8,SU,Dec,2013,,,
12/10/2013,8.1,SU,Dec,2013,,,
12/10/2013,8.2,SU,Dec,2013,,,
12/10/2013,8.1,SU,Dec,2013,,,
12/10/2013,8.1,SU,Dec,2013,,,
12/10/2013,8.1,SU,Dec,2013,,,
12/10/2013,8.2,SU,Dec,2013,,,
1/14/2014,7.8,SU,Jan,2014,,,
1/14/2014,7.8,SU,Jan,2014,,,
1/14/2014,7.8,SU,Jan,2014,,,
1/14/2014,7.8,SU,Jan,2014,,,
1/14/2014,7.8,SU,Jan,2014,,,
1/14/2014,7.8,SU,Jan,2014,,,
1/14/2014,7.8,SU,Jan,2014,,,
1/14/2014,7.8,SU,Jan,2014,,,
2/19/2014,8.1,SU,Feb,2014,,,
2/19/2014,8,SU,Feb,2014,,,
2/19/2014,8,SU,Feb,2014,,,
2/19/2014,8.1,SU,Feb,2014,,,
2/19/2014,8.1,SU,Feb,2014,,,
2/19/2014,8.1,SU,Feb,2014,,,
2/19/2014,8,SU,Feb,2014,,,
2/19/2014,8.1,SU,Feb,2014,,,
3/19/2014,8.2,SU,Mar,2014,,,
3/19/2014,8,SU,Mar,2014,,,
3/19/2014,8.1,SU,Mar,2014,,,
3/19/2014,8.2,SU,Mar,2014,,,
3/19/2014,8.2,SU,Mar,2014,,,
3/19/2014,8.1,SU,Mar,2014,,,
3/19/2014,8,SU,Mar,2014,,,
3/19/2014,8.2,SU,Mar,2014,,,
4/21/2014,8.2,SU,Apr,2014,,,
4/21/2014,8.1,SU,Apr,2014,,,
4/21/2014,8.1,SU,Apr,2014,,,
4/21/2014,8.1,SU,Apr,2014,,,
4/21/2014,8.2,SU,Apr,2014,,,
4/21/2014,8.1,SU,Apr,2014,,,
4/21/2014,8.1,SU,Apr,2014,,,
4/21/2014,8.1,SU,Apr,2014,,,
5/13/2014,8.6,SU,May,2014,,,
5/13/2014,7.9,SU,May,2014,,,
5/13/2014,8.6,SU,May,2014,,,
5/13/2014,8.6,SU,May,2014,,,
5/13/2014,8.6,SU,May,2014,,,
5/13/2014,8.3,SU,May,2014,,,
5/13/2014,7.9,SU,May,2014,,,
5/13/2014,8.7,SU,May,2014,,,
6/3/2014,7.7,SU,Jun,2014,,,
6/3/2014,7.3,SU,Jun,2014,,,
6/3/2014,7.5,SU,Jun,2014,,,
6/3/2014,7.9,SU,Jun,2014,,,
6/3/2014,7.8,SU,Jun,2014,,,
6/3/2014,7.6,SU,Jun,2014,,,
6/3/2014,7.5,SU,Jun,2014,,,
6/3/2014,7.9,SU,Jun,2014,,,
7/8/2014,7.7,SU,Jul,2014,,,
7/8/2014,7.6,SU,Jul,2014,,,
7/8/2014,7.7,SU,Jul,2014,,,
7/8/2014,7.7,SU,Jul,2014,,,
7/8/2014,7.7,SU,Jul,2014,,,
7/8/2014,7.7,SU,Jul,2014,,,
7/8/2014,7.6,SU,Jul,2014,,,
7/8/2014,7.8,SU,Jul,2014,,,
8/5/2014,7.9,SU,Aug,2014,,,
8/5/2014,7.5,SU,Aug,2014,,,
8/5/2014,7.6,SU,Aug,2014,,,
8/5/2014,8.1,SU,Aug,2014,,,
8/5/2014,8.1,SU,Aug,2014,,,
8/5/2014,7.7,SU,Aug,2014,,,
8/5/2014,7.6,SU,Aug,2014,,,
8/5/2014,7.5,SU,Aug,2014,,,
8/5/2014,8.1,SU,Aug,2014,,,
9/18/2014,8.1,SU,Sep,2014,,,
9/18/2014,7.9,SU,Sep,2014,,,
9/18/2014,8,SU,Sep,2014,,,
9/18/2014,8.1,SU,Sep,2014,,,
9/18/2014,8.1,SU,Sep,2014,,,
9/18/2014,8,SU,Sep,2014,,,
9/18/2014,8,SU,Sep,2014,,,
9/18/2014,8.1,SU,Sep,2014,,,
10/21/2014,8,SU,Oct,2014,,,
10/21/2014,8,SU,Oct,2014,,,
10/21/2014,8,SU,Oct,2014,,,
10/21/2014,8,SU,Oct,2014,,,
10/21/2014,8,SU,Oct,2014,,,
10/21/2014,8,SU,Oct,2014,,,
10/21/2014,8,SU,Oct,2014,,,
10/21/2014,8,SU,Oct,2014,,,
11/19/2014,7.9,SU,Nov,2014,,,
11/19/2014,7.9,SU,Nov,2014,,,
11/19/2014,7.9,SU,Nov,2014,,,
11/19/2014,7.9,SU,Nov,2014,,,
11/19/2014,7.9,SU,Nov,2014,,,
11/19/2014,7.9,SU,Nov,2014,,,
11/19/2014,7.9,SU,Nov,2014,,,
11/19/2014,7.9,SU,Nov,2014,,,
12/16/2014,7.9,SU,Dec,2014,,,
12/16/2014,7.7,SU,Dec,2014,,,
12/16/2014,7.8,SU,Dec,2014,,,
12/16/2014,7.9,SU,Dec,2014,,,
12/16/2014,7.9,SU,Dec,2014,,,
12/16/2014,7.8,SU,Dec,2014,,,
12/16/2014,7.8,SU,Dec,2014,,,
12/16/2014,7.9,SU,Dec,2014,,,
1/14/2015,7.7,SU,Jan,2015,,,
1/14/2015,7.6,SU,Jan,2015,,,
1/14/2015,7.7,SU,Jan,2015,,,
1/14/2015,7.7,SU,Jan,2015,,,
1/14/2015,7.7,SU,Jan,2015,,,
1/14/2015,7.7,SU,Jan,2015,,,
1/14/2015,7.7,SU,Jan,2015,,,
1/14/2015,7.7,SU,Jan,2015,,,
3/19/2015,8.2,SU,Mar,2015,,,
3/19/2015,8.2,SU,Mar,2015,,,
3/19/2015,8.2,SU,Mar,2015,,,
3/19/2015,8.2,SU,Mar,2015,,,
3/19/2015,8.2,SU,Mar,2015,,,
3/19/2015,8.2,SU,Mar,2015,,,
3/19/2015,8.2,SU,Mar,2015,,,
3/19/2015,8.2,SU,Mar,2015,,,
4/7/2015,7.9,SU,Apr,2015,,,
4/7/2015,7.9,SU,Apr,2015,,,
4/7/2015,7.9,SU,Apr,2015,,,
4/7/2015,7.9,SU,Apr,2015,,,
4/7/2015,8,SU,Apr,2015,,,
4/7/2015,7.9,SU,Apr,2015,,,
4/7/2015,7.9,SU,Apr,2015,,,
4/7/2015,7.9,SU,Apr,2015,,,
5/5/2015,8,SU,May,2015,,,
5/5/2015,7.8,SU,May,2015,,,
5/5/2015,8,SU,May,2015,,,
5/5/2015,8,SU,May,2015,,,
5/5/2015,8,SU,May,2015,,,
5/5/2015,7.9,SU,May,2015,,,
5/5/2015,7.8,SU,May,2015,,,
5/5/2015,8,SU,May,2015,,,
6/2/2015,7.8,SU,Jun,2015,,,
6/2/2015,7.8,SU,Jun,2015,,,
6/2/2015,7.8,SU,Jun,2015,,,
6/2/2015,7.8,SU,Jun,2015,,,
6/2/2015,7.8,SU,Jun,2015,,,
6/2/2015,7.8,SU,Jun,2015,,,
6/2/2015,7.8,SU,Jun,2015,,,
6/2/2015,7.8,SU,Jun,2015,,,
7/7/2015,8,SU,Jul,2015,,,
7/7/2015,8,SU,Jul,2015,,,
7/7/2015,8,SU,Jul,2015,,,
7/7/2015,8.1,SU,Jul,2015,,,
7/7/2015,8,SU,Jul,2015,,,
7/7/2015,8,SU,Jul,2015,,,
7/7/2015,8,SU,Jul,2015,,,
7/7/2015,8,SU,Jul,2015,,,
7/7/2015,8.1,SU,Jul,2015,,,
8/4/2015,8,SU,Aug,2015,,,
8/4/2015,8,SU,Aug,2015,,,
8/4/2015,8,SU,Aug,2015,,,
8/4/2015,8.1,SU,Aug,2015,,,
8/4/2015,8.1,SU,Aug,2015,,,
8/4/2015,8,SU,Aug,2015,,,
8/4/2015,8,SU,Aug,2015,,,
8/4/2015,8.1,SU,Aug,2015,,,
9/15/2015,7.9,SU,Sep,2015,,,
9/15/2015,8,SU,Sep,2015,,,
9/15/2015,7.9,SU,Sep,2015,,,
9/15/2015,7.9,SU,Sep,2015,,,
9/15/2015,7.9,SU,Sep,2015,,,
9/15/2015,7.9,SU,Sep,2015,,,
9/15/2015,7.9,SU,Sep,2015,,,
9/15/2015,8,SU,Sep,2015,,,
10/20/2015,8.2,SU,Oct,2015,,,
10/20/2015,8.1,SU,Oct,2015,,,
10/20/2015,8.2,SU,Oct,2015,,,
10/20/2015,8.2,SU,Oct,2015,,,
10/20/2015,8.2,SU,Oct,2015,,,
10/20/2015,8.2,SU,Oct,2015,,,
10/20/2015,8.1,SU,Oct,2015,,,
10/20/2015,8.2,SU,Oct,2015,,,
11/17/2015,8,SU,Nov,2015,,,
11/17/2015,7.9,SU,Nov,2015,,,
11/17/2015,7.9,SU,Nov,2015,,,
11/17/2015,8,SU,Nov,2015,,,
11/17/2015,8,SU,Nov,2015,,,
11/17/2015,7.9,SU,Nov,2015,,,
11/17/2015,7.9,SU,Nov,2015,,,
11/17/2015,8,SU,Nov,2015,,,
,,,,,,,
Total_Records: 3317,,,,,,,
